Unit,PO Date,PO ID,Vendor Name,Vendor Cntry,Item Category Descr,USD Amount
HQSMS,31/08/2015,0000031420,SPARTAN RELIEF SUPPLIES LIMITED,KEN,KITCHENWARE,"138,600.00"
HQSMS,31/08/2015,0000031430,Stirling HSSE Limited,JEY,EDUCATION/ TRAINING SERVICES,"304,600.00"
JOR01,31/08/2015,0000003747,FINE HYGIENIC PAPER CO.,JOR,PERSONAL CARE PRODUCTS,"384,745.77"
JOR01,31/08/2015,0000003748,Al Hourani Hygienic Paper Co.,JOR,PERSONAL CARE PRODUCTS,"365,301.69"
SSD01,31/08/2015,0000002279,Juba Office Cleaning Services  LTD,SSD,MAINTENANCE/ CONSTRUCTION SER,"233,046.32"
YEM01,30/08/2015,0000002733,ALQUSS COMPANY FOR TRADING,YEM,CUTTING/ PUNCHING TOOLS,"114,785.00"
HQSMS,27/08/2015,0000031402,PLANSON INTERNATIONAL CO.,USA,PRINTER/ PRINTER ACCESSORIES,"208,560.00"
HQSMS,26/08/2015,0000031394,ACCENTURE LLP,USA,FINANCIAL SERVICES,"285,000.00"
HQSMS,26/08/2015,0000031398,KUEHNE AND NAGEL A/S,DNK,CARGO/PASSENGER TRANSPORT,"118,240.00"
TUR01,26/08/2015,0000002159,KUEHNE AND NAGEL A/S,DNK,STORAGE/PACKING/HANDLING,"315,200.00"
DONIK,25/08/2015,0000000267,FUJI OPTICAL,AZE,MISC MEDICAL SUPPLIES,"187,388.59"
HQSMS,25/08/2015,0000031375,DHL GLOBAL FORWARDING (DENMARK) A/S,DNK,TRANSPORT SUPPORT,"153,660.00"
HQSMS,25/08/2015,0000031377,W. GIERTSEN HALLSYSTEM AS,NOR,LAMP/ LAMP COMPONENTS,"151,149.60"
HQSMS,25/08/2015,0000031381,W. GIERTSEN HALLSYSTEM AS,NOR,LAMP/ LAMP COMPONENTS,"151,149.60"
HQSMS,25/08/2015,0000031382,KUEHNE AND NAGEL A/S,DNK,STORAGE/PACKING/HANDLING,"148,440.00"
HQSMS,25/08/2015,0000031384,W. GIERTSEN HALLSYSTEM AS,NOR,LAMP/ LAMP COMPONENTS,"205,731.40"
JOR01,25/08/2015,0000003741,Irbid District Electricity Company LTD,JOR,ELECTRICAL SUPPL,"115,556.72"
HQSMS,24/08/2015,0000031349,ALPINTER,BEL,PLASTIC PRODUCTS (SHEETS & ROL,"186,300.00"
HQSMS,24/08/2015,0000031351,ALPINTER,BEL,PLASTIC PRODUCTS (SHEETS & ROL,"217,350.00"
HQSMS,24/08/2015,0000031352,ALPINTER,BEL,PLASTIC PRODUCTS (SHEETS & ROL,"217,350.00"
HQSMS,24/08/2015,0000031353,TECHNO TARP & POLIMERS PVT LTD,IND,PLASTIC PRODUCTS (SHEETS & ROL,"126,564.00"
HQSMS,24/08/2015,0000031354,TECHNO TARP & POLIMERS PVT LTD,IND,PLASTIC PRODUCTS (SHEETS & ROL,"129,540.00"
HQSMS,24/08/2015,0000031356,TECHNO TARP & POLIMERS PVT LTD,IND,PLASTIC PRODUCTS (SHEETS & ROL,"317,430.00"
HQSMS,24/08/2015,0000031359,TECHNO TARP & POLIMERS PVT LTD,IND,PLASTIC PRODUCTS (SHEETS & ROL,"113,347.50"
KEN01,24/08/2015,0000007968,EXPRESS TRAVEL GROUP LTD,KEN,MEETING/TRAVEL/ FOOD SER,"175,000.00"
SSD01,24/08/2015,0000002271,UNMISS,CHE,TELECOMS SERVICES,"500,000.00"
HQSMS,21/08/2015,0000031343,ALPINTER,BEL,BLANKETS,"294,840.00"
HQSMS,21/08/2015,0000031345,KUEHNE AND NAGEL A/S,DNK,TRANSPORT SUPPORT,"348,737.70"
CHN01,20/08/2015,0000001649,HONG KONG FUNDRAISING CONSULTANCY LTD,HKG,ADVERTISING/ INFORMATION SER,"232,198.14"
CHN01,20/08/2015,0000001650,MVP CONSULTANTS & DEVELOPMENT LIMITED,HKG,ADVERTISING/ INFORMATION SER,"180,598.56"
KEN01,20/08/2015,0000007961,WFP SOMALIA,KEN,MEETING/TRAVEL/ FOOD SER,"236,400.00"
PAK01,20/08/2015,0000005035,PRIME CONSTRUCTION COMPANY,PAK,MAINTENANCE/ CONSTRUCTION SER,"787,110.75"
THA01,20/08/2015,0000001201,IPG ADVERTISING (TH) LTD. - LOWE,THA,ADVERTISING/ INFORMATION SER,"309,823.47"
DONIK,19/08/2015,0000000264,ROYAL DANISH MINISTRY OF FOREIGN AFFAIRS,DNK,BUSINESS/ ADMINISTRATIVE SER,"796,000.00"
ETH01,19/08/2015,0000004285,ETAB SOAP FACTORY,ETH,SOAP/CLEANING /HYGIENE SUPPLIE,"397,500.00"
HQSMS,19/08/2015,0000031327,Stirling HSSE Limited,JEY,EDUCATION/ TRAINING SERVICES,"106,122.00"
HQSMS,19/08/2015,0000031331,N-R-S INTERNATIONAL -  FZE,ARE,BLANKETS,"302,064.00"
HQSMS,19/08/2015,0000031332,N-R-S INTERNATIONAL -  FZE,ARE,BLANKETS,"212,898.00"
HQSMS,19/08/2015,0000031335,N-R-S INTERNATIONAL -  FZE,ARE,BLANKETS,"120,423.00"
HQSMS,19/08/2015,0000031339,INTERNATIONAL DISPENSARY ASSOCIATION (ID,NLD,MISC DRUGS,"607,399.83"
HQSMS,19/08/2015,0000031341,Paramount Tarpaulin Industries,PAK,BLANKETS,"650,894.40"
HQSMS,19/08/2015,0000031342,Paramount Tarpaulin Industries,PAK,BLANKETS,"119,196.00"
SYR01,19/08/2015,0000004236,FOUR SEASONS HOTEL,SYR,BUSINESS/ ADMINISTRATIVE SER,"148,332.76"
TZA01,19/08/2015,0000003284,GENERAL MOTORS EAST AFRICA LTD.,KEN,GENERAL CARGO TRUCKS,"169,400.00"
DONIK,18/08/2015,0000000262,The Republic of Kazakhstan,CHE,BUSINESS/ ADMINISTRATIVE SER,"188,707.00"
DONIK,18/08/2015,0000000263,Kuwait,CHE,BUSINESS/ ADMINISTRATIVE SER,"106,762.00"
HQSMS,18/08/2015,0000031313,BALDEV WOOLLEN INTERNATIONAL,IND,KITCHENWARE,"256,760.00"
HQSMS,18/08/2015,0000031319,KUEHNE AND NAGEL A/S,DNK,TRANSPORT SUPPORT,"186,615.00"
HQSMS,18/08/2015,0000031323,INTERNATIONAL DISPENSARY ASSOCIATION (ID,NLD,MISC DRUGS,"638,885.46"
HQSMS,18/08/2015,0000031324,EASTERN SURGICAL COMPANY,IND,MISC MEDICAL SUPPLIES,"230,391.29"
TZA01,18/08/2015,0000003283,AFRI PADS UGANDA LIMITED,UGA,PERSONAL CARE PRODUCTS,"376,000.00"
SDN01,16/08/2015,0000005470,AL BARAKA PLASTIC FACTORY,SDN,WATER CANS,"140,613.00"
YEM01,16/08/2015,0000002731,ALQUSS COMPANY FOR TRADING,YEM,STRUCTURAL BUILDING PRODUCTS /,"500,000.00"
YEM01,16/08/2015,0000002732,HEZAM SHOMAILA & SONS FOR TRADING &OIL S,YEM,WOOD POLES,"924,350.00"
TZA01,15/08/2015,0000003279,SOAP AND ALLIED INDUSTRIES LIMITED,TZA,SOAP/CLEANING /HYGIENE SUPPLIE,"168,735.28"
HQSMS,14/08/2015,0000031296,DHL GLOBAL FORWARDING (DENMARK) A/S,DNK,TRANSPORT SUPPORT,"135,938.00"
HQSMS,14/08/2015,0000031305,KPMG France SA,FRA,FINANCIAL SERVICES,"156,437.75"
UGA01,14/08/2015,0000005099,ACAV KAMPALA,UGA,BUSINESS/ ADMINISTRATIVE SER,"150,000.58"
KEN01,13/08/2015,0000007944,G4S SECURITY SERVICES (K) LTD,KEN,SECURITY/ SAFETY SERVICES,"110,949.99"
DONIK,12/08/2015,0000000261,Stichting IKEA Foundation,NLD,BEDCLOTHES/ MATRESSES/ TOWELS,"3,221,964.00"
HQSMS,12/08/2015,0000031284,N-R-S INTERNATIONAL -  FZE,ARE,PLASTIC PRODUCTS (SHEETS & ROL,"2,542,650.00"
HQSMS,12/08/2015,0000031285,N-R-S INTERNATIONAL -  FZE,ARE,PLASTIC PRODUCTS (SHEETS & ROL,"924,600.00"
KOR01,12/08/2015,0000000667,DTV Asia Ltd.,HKG,ADVERTISING/ INFORMATION SER,"735,478.13"
LBN01,12/08/2015,0000001903,PROTECTRON,LBN,SECURITY/ SAFETY SERVICES,"1,259,733.14"
COD01,11/08/2015,0000006020,PNUD KISANGANI,COD,BUSINESS/ ADMINISTRATIVE SER,"368,361.92"
HQSMS,11/08/2015,0000031273,INTERNATIONAL DISPENSARY ASSOCIATION (ID,NLD,MISC DRUGS,"607,399.83"
HQSMS,11/08/2015,0000031274,TOYOTA MOTOR CORPORATION,JPN,SEDAN,"209,161.10"
HQSMS,11/08/2015,0000031275,RELTEX TARPAULINS (AFRICA) EPZ LTD,KEN,PLASTIC PRODUCTS (SHEETS & ROL,"326,800.00"
JOR01,11/08/2015,0000003735,Al-Edwan Contracting Company,JOR,MAINTENANCE/ CONSTRUCTION SER,"4,265,593.00"
ETH01,10/08/2015,0000004267,HILINA ENRICHED FOODS PLC,ETH,PREPARED/ PRESERVED FOODS,"415,552.25"
HQSMS,10/08/2015,0000031264,TOYOTA MOTOR CORPORATION,JPN,4x4 STATION WAGON,"1,015,552.96"
HQSMS,10/08/2015,0000031266,TOYOTA MOTOR CORPORATION,JPN,MINIBUS,"3,924,392.36"
HQSMS,06/08/2015,0000031249,INTERNATIONAL DISPENSARY ASSOCIATION (ID,NLD,MISC DRUGS,"169,112.45"
HQSMS,06/08/2015,0000031251,VISHAL METAL INDUSTRIES,IND,KITCHENWARE,"197,579.20"
HQSMS,06/08/2015,0000031252,O.K.I. GENERAL TRADING LLC,ARE,KITCHENWARE,"259,280.00"
KOR01,06/08/2015,0000000665,Group M Korea Co. Ltd.,KOR,ADVERTISING/ INFORMATION SER,"431,941.35"
LBN01,06/08/2015,0000001900,PROTECTRON,LBN,SECURITY/ SAFETY SERVICES,"201,946.37"
HQSMS,05/08/2015,0000031241,HEWLETT-PACKARD,CHE,COMPUTER SERVICES,"938,240.00"
HQSMS,05/08/2015,0000031242,HEWLETT-PACKARD,CHE,COMPUTER SERVICES,"199,177.49"
TUR01,05/08/2015,0000002137,RAM DIS TICARET A.S.,TUR,BEDCLOTHES/ MATRESSES/ TOWELS,"229,234.09"
DONIK,04/08/2015,0000000256,Hungary,HUN,BUSINESS/ ADMINISTRATIVE SER,"225,000.00"
DONIK,04/08/2015,0000000260,Romania,ROM,BUSINESS/ ADMINISTRATIVE SER,"160,000.00"
NER01,04/08/2015,0000001675,GADNET SECURITE,NER,SECURITY/ SAFETY SERVICES,"133,039.51"
JORMN,03/08/2015,0000000197,DHL GLOBAL FORWARDING (DENMARK) A/S,DNK,TRANSPORT SUPPORT,"571,456.00"
KEN01,03/08/2015,0000007907,EQUITY BANK LTD -DADAAB,KEN,SECURITY/ SAFETY SERVICES,"231,671.96"
MMR01,03/08/2015,0000001800,LEO EXERA,MMR,SECURITY/ SAFETY SERVICES,"148,489.34"
JOR01,02/08/2015,0000003729,Shark for Security and Armed Protection,JOR,SECURITY/ SAFETY SERVICES,"109,288.13"
HQSMS,31/07/2015,0000031227,N-R-S INTERNATIONAL -  FZE,ARE,PLASTIC PRODUCTS (SHEETS & ROL,"208,000.00"
DONIK,30/07/2015,0000000253,Spain,ESP,BUSINESS/ ADMINISTRATIVE SER,"359,477.00"
DONIK,30/07/2015,0000000254,Government of Hungary,HUN,BUSINESS/ ADMINISTRATIVE SER,"2,079,287.00"
ETH01,30/07/2015,0000004262,WORLD FOOD PROGRAMME,ITA,CARGO/PASSENGER TRANSPORT,"379,474.42"
ETH01,30/07/2015,0000004263,UNITED BROTHERS PLC,ETH,SECURITY/ SAFETY SERVICES,"277,680.83"
HQSMS,30/07/2015,0000031222,N-R-S INTERNATIONAL -  FZE,ARE,BLANKETS,"296,250.00"
PAK01,30/07/2015,0000005025,ROYAL BUILDERS (PVT) LTD,PAK,MAINTENANCE/ CONSTRUCTION SER,"102,734.61"
HQSMS,29/07/2015,0000031208,THINK CONSULTING SOLUTIONS LTD.,GBR,ADVERTISING/ INFORMATION SER,"186,625.19"
HQSMS,29/07/2015,0000031209,BIDCO AFRICA LIMITED,KEN,SOAP/CLEANING /HYGIENE SUPPLIE,"396,153.61"
TZA01,29/07/2015,0000003263,SCANIA TANZANIA LTD,TZA,BUS,"134,500.00"
VEN01,29/07/2015,0000001797,"REPRESENTACIONES PROFIT, C.A",VEN,MEETING/TRAVEL/ FOOD SER,"165,000.00"
HQSMS,28/07/2015,0000031204,ACCENTURE AG,CHE,COMPUTER SERVICES,"174,963.13"
RWA01,27/07/2015,0000001206,PRESTIGE SERVICES COMPANY LTD,RWA,TRANSPORT SUPPORT,"190,248.41"
SSD01,27/07/2015,0000002244,GAR-GAR TRANSPORTERS LTD,SSD,CARGO/PASSENGER TRANSPORT,"337,258.06"
COD01,24/07/2015,0000005994,MAGENYA PROTECTION,COD,SECURITY/ SAFETY SERVICES,"170,000.00"
DONIK,24/07/2015,0000000245,Italy,ITA,BUSINESS/ ADMINISTRATIVE SER,"196,274.51"
DONIK,24/07/2015,0000000247,ARGENTINA,ARG,BUSINESS/ ADMINISTRATIVE SER,"123,420.00"
Unit,PO Date,PO ID,Vendor Name,Vendor Cntry,Item Category Descr,USD Amount
HQSMS,24/07/2015,0000031185,PLANSON INTERNATIONAL CORPORATION,USA,PRINTER/ PRINTER ACCESSORIES,"127,335.00"
SSD01,24/07/2015,0000002241,GAR-GAR TRANSPORTERS LTD,SSD,CARGO/PASSENGER TRANSPORT,"662,742.00"
KEN01,23/07/2015,0000007887,HASHI ENERGY LIMITED,KEN,DIESEL,"329,000.41"
RWA01,23/07/2015,0000001202,AZ IMPEX,RWA,AIR COOLED POWER GENERATORS,"128,064.00"
DONIK,22/07/2015,0000000243,United Arab Emirates,CHE,STORAGE/PACKING/HANDLING,"1,187,975.39"
DONIK,21/07/2015,0000000239,People's Republic of China,CHE,BUSINESS/ ADMINISTRATIVE SER,"141,841.00"
DONIK,21/07/2015,0000000241,UPS Foundation,USA,TRANSPORT SUPPORT,"262,500.00"
HQSMS,21/07/2015,0000031167,EASTERN SURGICAL COMPANY,IND,MISC MEDICAL SUPPLIES,"466,061.15"
SYR01,21/07/2015,0000004221,FOUR SEASONS HOTEL,SYR,BUSINESS/ ADMINISTRATIVE SER,"152,824.59"
HQSMS,20/07/2015,0000031144,PLANSON INTERNATIONAL CORPORATION,USA,COMPUTERS,"111,197.00"
HQSMS,20/07/2015,0000031147,INTERNATIONAL DISPENSARY ASSOCIATION (ID,NLD,MISC DRUGS,"113,327.38"
HQSMS,20/07/2015,0000031149,DANOFFICE PLC,DNK,NETWORK COMPONENTS / ACCESS,"104,370.41"
HQSMS,20/07/2015,0000031154,DANOFFICE PLC,DNK,COMPUTERS,"324,814.00"
DONIK,16/07/2015,0000000236,South Africa,ZAF,BUSINESS/ ADMINISTRATIVE SER,"102,502.00"
HQSMS,16/07/2015,0000031136,HESCO BASTION LTD.,GBR,PERSONAL SAFETY/ PROTECTION,"107,232.10"
HQSMS,16/07/2015,0000031138,W. GIERTSEN HALLSYSTEM AS,NOR,LAMP/ LAMP COMPONENTS,"151,149.60"
HQSMS,16/07/2015,0000031140,W. GIERTSEN HALLSYSTEM AS,NOR,LAMP/ LAMP COMPONENTS,"323,892.00"
TZA01,16/07/2015,0000003259,ENGEN PETROLEUM (TANZANIA) LTD,TZA,DIESEL,"147,909.42"
HQSMS,15/07/2015,0000031132,Gnucoop Societa Cooperativa,ITA,COMPUTER SERVICES,"200,000.00"
KEN01,15/07/2015,0000007872,G4S SECURITY SERVICES (K) LTD,KEN,SECURITY/ SAFETY SERVICES,"203,124.32"
LBN01,15/07/2015,0000001894,AGILITY LOGISTICS LEBANON SAL,LBN,STORAGE/PACKING/HANDLING,"486,118.00"
SSD01,15/07/2015,0000002231,WARRIOR SECURITY SUDAN LIMITED,SDN,SECURITY/ SAFETY SERVICES,"505,021.76"
THA01,15/07/2015,0000001192,RMA Automotive Company Limited,THA,INVESTIGATION TECHNICAL SERVIC,"473,232.77"
HQSMS,14/07/2015,0000031118,NV Reibel SA,BEL,INVESTIGATION TECHNICAL SERVIC,"111,856.82"
HQSMS,14/07/2015,0000031119,PLANSON INTERNATIONAL CORPORATION,USA,ELECTRONIC DATA STORAGE EQUIP,"145,372.00"
HQSMS,14/07/2015,0000031120,BDO Jordan Samman&Co.,JOR,FINANCIAL SERVICES,"182,931.40"
HQSMS,14/07/2015,0000031121,KPMG France SA,FRA,FINANCIAL SERVICES,"1,002,857.73"
HQSMS,14/07/2015,0000031122,Moore Stephens LLP,GBR,FINANCIAL SERVICES,"966,680.33"
TUR01,14/07/2015,0000002124,4S BILGI TEKNOLOJILERI A.S,TUR,SOFTWARE,"2,388,400.00"
HQSMS,13/07/2015,0000030421,UNITED NATIONS OFFICE AT GENEVA,CHE,SECURITY/ SAFETY SERVICES,"3,900,000.00"
CHN01,10/07/2015,0000001636,DEMO TV LTD,GBR,ADVERTISING/ INFORMATION SER,"179,955.00"
PSFRR,10/07/2015,0000000629,Delta Promotions srl,ITA,ADVERTISING/ INFORMATION SER,"170,796.42"
HQSMS,09/07/2015,0000031080,ALPINTER,BEL,PLASTIC PRODUCTS (SHEETS & ROL,"104,200.00"
HQSMS,09/07/2015,0000031091,VISHAL METAL INDUSTRIES,IND,KITCHENWARE,"205,485.00"
UKR01,09/07/2015,0000001472,TOV ASSET-INVEST,UKR,"STRUCTURAL MATERIALS ( TIMBER,","150,389.97"
COD01,08/07/2015,0000005967,WORLD FOOD PROGRAMME,ITA,CHARTERS,"1,620,878.00"
HQSMS,08/07/2015,0000031072,DHL GLOBAL FORWARDING (DENMARK) A/S,DNK,TRANSPORT SUPPORT,"177,460.00"
KEN01,08/07/2015,0000007844,HASHI ENERGY LIMITED,KEN,DIESEL,"319,861.90"
SSD01,08/07/2015,0000002229,TRISTAR TRANSPORT LLC,ARE,DIESEL,"159,132.60"
USA01,08/07/2015,0000000685,OFFICE IMAGES INC.,USA,OFFICE FURNITURE,"110,029.61"
HQSMS,07/07/2015,0000031053,ALPINTER,BEL,PLASTIC PRODUCTS (SHEETS & ROL,"191,340.00"
HQSMS,07/07/2015,0000031054,ALPINTER,BEL,PLASTIC PRODUCTS (SHEETS & ROL,"191,340.00"
HQSMS,07/07/2015,0000031057,TECHNO TARP & POLIMERS PVT LTD,IND,PLASTIC PRODUCTS (SHEETS & ROL,"322,245.00"
HQSMS,06/07/2015,0000031034,N-R-S INTERNATIONAL -  FZE,ARE,BLANKETS,"1,660,752.00"
HQSMS,06/07/2015,0000031035,ALPINTER,BEL,BLANKETS,"863,460.00"
HQSMS,06/07/2015,0000031040,BALDEV WOOLLEN INTERNATIONAL,IND,KITCHENWARE,"256,760.00"
HQSMS,06/07/2015,0000031041,O.K.I. GENERAL TRADING LLC,ARE,KITCHENWARE,"324,100.00"
HQSMS,06/07/2015,0000031044,UNITED NATIONS GENERAL FUND,USA,BUSINESS/ ADMINISTRATIVE SER,"6,060,698.48"
HQSMS,06/07/2015,0000031048,TOYOTA MOTOR CORPORATION,JPN,4x4 STATION WAGON,"1,427,554.98"
KOR01,06/07/2015,0000000660,Appco Korea Ltd.,KOR,ADVERTISING/ INFORMATION SER,"1,344,086.02"
KOR01,06/07/2015,0000000661,"Doum & Nanum Co., Ltd.",KOR,ADVERTISING/ INFORMATION SER,"174,731.18"
SOM01,06/07/2015,0000001636,UNDP REPRESENTATIVE IN SOMALIA,KEN,BUSINESS/ ADMINISTRATIVE SER,"195,007.96"
HQSMS,03/07/2015,0000031027,TECHNO TARP & POLIMERS PVT LTD,IND,PLASTIC PRODUCTS (SHEETS & ROL,"272,844.00"
HQSMS,03/07/2015,0000031029,NATIONAL TENT HOUSE,PAK,BLANKETS,"188,568.00"
HQSMS,03/07/2015,0000031030,Paramount Tarpaulin Industries,PAK,BLANKETS,"293,220.00"
HQSMS,03/07/2015,0000031032,INDO-DANE TEXTILE INDUSTRIES PVT. LTD.,IND,BLANKETS,"119,700.00"
NER01,03/07/2015,0000001634,SOCIETE NIGERIENNE DES HYDROCARBURES,NER,COOKING STOVES,"336,815.69"
HQSMS,02/07/2015,0000031020,UNITED NATIONS GENERAL FUND,USA,BUSINESS/ ADMINISTRATIVE SER,"301,546.00"
HQSMS,02/07/2015,0000031024,INTERNATIONAL DISPENSARY ASSOCIATION (ID,NLD,MISC DRUGS,"347,871.52"
IRN01,02/07/2015,0000006159,Ms. Mahin Assadi,ARE,BUSINESS/ ADMINISTRATIVE SER,"168,000.00"
HQSMS,01/07/2015,0000031009,TOYOTA GIBRALTAR STOCKHOLDINGS LTD,GBR,SAFETY/ RESCUE VEHICLE,"218,944.48"
JOR01,01/07/2015,0000003700,Jordan Mobile Telephone Service Company,JOR,TELECOMS SERVICES,"155,389.83"
JORMN,01/07/2015,0000000192,Guarantee Travel and Events,JOR,MEETING/TRAVEL/ FOOD SER,"141,242.94"
JORMN,01/07/2015,0000000193,ROYAL TOURS,JOR,MEETING/TRAVEL/ FOOD SER,"141,242.94"
PAK01,01/07/2015,0000004961,DEPARTMENT OF FOREIGN AFFAIRS AND TRADE,AUS,BUSINESS/ ADMINISTRATIVE SER,"129,052.27"
SSD01,01/07/2015,0000002216,PACIFIC ARCHITECTS AND ENGINEERS INC.,USA,MAINTENANCE/ CONSTRUCTION SER,"803,958.00"
SSD01,01/07/2015,0000002217,Danish Refugee Council,DNK,FINANCIAL SERVICES,"408,000.00"
SSD01,01/07/2015,0000002218,Danish Refugee Council,DNK,FINANCIAL SERVICES,"204,000.00"
TUR01,01/07/2015,0000002105,KUEHNE AND NAGEL A/S,DNK,STORAGE/PACKING/HANDLING,"112,700.00"
EGY01,30/06/2015,0000001750,Diocese of Egypt,EGY,BUSINESS/ ADMINISTRATIVE SER,"330,347.16"
JOR01,30/06/2015,0000003699,Shark for Security and Armed Protection,JOR,SECURITY/ SAFETY SERVICES,"783,827.51"
KEN01,30/06/2015,0000007816,UNITED NATIONS OFFICE AT NAIROBI,KEN,HEALTHCARE SERVICES,"153,719.84"
KEN01,30/06/2015,0000007817,UNITED NATIONS OFFICE AT NAIROBI,KEN,SECURITY/ SAFETY SERVICES,"164,765.40"
NGA01,30/06/2015,0000001002,FRANKWHIZ NIGERIA LIMITED,NGA,BLANKETS,"131,929.43"
SDN01,30/06/2015,0000005437,ALHADAF SERVICES COMPANY LTD,SDN,SECURITY/ SAFETY SERVICES,"240,000.00"
UGA01,30/06/2015,0000005028,UNDP RESIDENT REPRESENTATIVE,UGA,BUSINESS/ ADMINISTRATIVE SER,"380,733.84"
UGA01,30/06/2015,0000005039,B.M.A INVESTIMENT SOLUTIONS LIMITED,UGA,WATER BUCKET/ BASINE,"352,007.40"
UGA01,30/06/2015,0000005041,CRESTANKS LIMITED,UGA,OFFICE SUPPLIES,"124,883.69"
UGA01,30/06/2015,0000005045,Great Out Come Limited,UGA,PERSONAL CARE PRODUCTS,"249,059.89"
HQSMS,29/06/2015,0000030995,CABLECOM GMBH,CHE,TELECOMS SERVICES,"126,448.89"
KEN01,29/06/2015,0000007812,FIRST CLASS FACILITY CLEANERS LTD,KEN,MAINTENANCE/ CONSTRUCTION SER,"156,912.27"
KEN01,29/06/2015,0000007814,WFP SOMALIA,KEN,MEETING/TRAVEL/ FOOD SER,"227,640.00"
KEN01,29/06/2015,0000007815,WFP SOMALIA,KEN,MEETING/TRAVEL/ FOOD SER,"144,497.93"
KOR01,29/06/2015,0000000658,DTV Asia Ltd.,HKG,ADVERTISING/ INFORMATION SER,"214,850.38"
NPL01,29/06/2015,0000000972,REFUGEE/IDP Direct Payment,SVN,CIVIL AFFAIRS SERVICES,"156,399.68"
UGA01,29/06/2015,0000005023,PHENIX LOGISTICS UGANDA LTD,UGA,CLOTHING,"187,737.11"
SDN01,28/06/2015,0000005432,ABDEL RAHEEM MANAL HAMAD,SDN,WOOD POLES,"431,802.21"
SDN01,28/06/2015,0000005433,MERIT,ARE,WOOD POLES,"464,060.73"
TZA01,26/06/2015,0000003247,RAFIKI AUTO SPARES AND GARAGE CO LTD,TZA,SPARE PARTS/ ACCESSORIES,"130,732.74"
HQSMS,25/06/2015,0000030970,WORLDFA EXPORTS PVT. LTD.,IND,KITCHENWARE,"120,848.00"
HQSMS,25/06/2015,0000030972,MEDIAEDGE:CIA INTERNATIONAL LIMITED,GBR,ADVERTISING/ INFORMATION SER,"327,468.00"
HQSMS,25/06/2015,0000030975,ALPINTER,BEL,PLASTIC PRODUCTS (SHEETS & ROL,"281,340.00"
HQSMS,25/06/2015,0000030979,UNITED NATIONS GENERAL FUND,USA,BUSINESS/ ADMINISTRATIVE SER,"173,618.50"
JOR01,24/06/2015,0000003697,G4S Secure Solutions Int'l Inc. Jordan,JOR,SECURITY/ SAFETY SERVICES,"294,816.03"
SYR01,24/06/2015,0000004212,"NAZHA Travel, Tourism & Freight",LBN,TRANSPORT SUPPORT,"650,000.00"
YEM01,24/06/2015,0000002726,SAMADAN STORES,YEM,BEDCLOTHES/ MATRESSES/ TOWELS,"2,765,625.00"
HQSMS,23/06/2015,0000030946,UNITED NATIONS GENERAL FUND,USA,BUSINESS/ ADMINISTRATIVE SER,"777,353.00"
HQSMS,23/06/2015,0000030949,IMRES,NLD,MISC MEDICAL SUPPLIES,"122,250.80"
HQSMS,23/06/2015,0000030951,INTERNATIONAL DISPENSARY ASSOCIATION (ID,NLD,MISC DRUGS,"595,509.75"
HQSMS,23/06/2015,0000030953,Farmingtons AUTOMOTIVE Gmbh,DEU,ARMOURED VEHICLES,"1,059,060.00"
HQSMS,23/06/2015,0000030954,MICROSOFT IRELAND OPERATIONS LTD,IRL,COMPUTER SERVICES,"164,195.00"
LBR01,23/06/2015,0000001915,UNITED NATIONS MISSION IN LIBERIA,LBR,DIESEL,"177,705.00"
LBN01,22/06/2015,0000001879,Mustapha S.E. Adada Establishment,LBN,MAINTENANCE/ CONSTRUCTION SER,"1,181,215.00"
MRT01,22/06/2015,0000000829,CPVR-SARL,MRT,PERSONAL CARE PRODUCTS,"147,169.81"
Unit,PO Date,PO ID,Vendor Name,Vendor Cntry,Item Category Descr,USD Amount
SDN01,22/06/2015,0000005422,WFP Emergency Operation in Sudan,SDN,SECURITY/ SAFETY SERVICES,"223,279.00"
DONIK,19/06/2015,0000000231,Saudi National Campaign for Syrians,SAU,PREFABRICATED House,"763,418.30"
HQSMS,19/06/2015,0000030933,SPARTAN RELIEF SUPPLIES LIMITED,KEN,KITCHENWARE,"103,950.00"
SSD01,19/06/2015,0000002200,WARRIOR SECURITY SUDAN LIMITED,SDN,SECURITY/ SAFETY SERVICES,"424,988.39"
HQSMS,18/06/2015,0000030932,TECHNO TARP & POLIMERS PVT LTD,IND,PLASTIC PRODUCTS (SHEETS & ROL,"134,408.00"
TUR01,18/06/2015,0000002093,KUEHNE AND NAGEL A/S,DNK,STORAGE/PACKING/HANDLING,"103,800.00"
EGY01,17/06/2015,0000001739,Top Quality for Management & Services,EGY,BUSINESS/ ADMINISTRATIVE SER,"137,614.68"
HQSMS,17/06/2015,0000030909,INTERNATIONAL DISPENSARY ASSOCIATION (ID,NLD,MISC DRUGS,"406,754.83"
HQSMS,17/06/2015,0000030913,EASTERN SURGICAL COMPANY,IND,MISC MEDICAL SUPPLIES,"200,977.05"
HQSMS,17/06/2015,0000030915,INDO-DANE TEXTILE INDUSTRIES PVT. LTD.,IND,BLANKETS,"144,816.00"
HQSMS,17/06/2015,0000030916,HCL Technologies Limited,IND,FINANCIAL SERVICES,"168,256.00"
HQSMS,17/06/2015,0000030918,HCL Technologies Limited,IND,FINANCIAL SERVICES,"126,192.00"
HQSMS,17/06/2015,0000030919,UNITED NATIONS OFFICE AT GENEVA,CHE,BUSINESS/ ADMINISTRATIVE SER,"547,945.21"
RWA01,17/06/2015,0000001174,GOOD FRIENDS PAPETERIE LTD,RWA,OFFICE SUPPLIES,"115,200.57"
SYR01,17/06/2015,0000004206,FOUR SEASONS HOTEL,SYR,BUSINESS/ ADMINISTRATIVE SER,"149,923.66"
CAF01,16/06/2015,0000001545,CANAMIDEX INTERNATIONAL CORP,CAN,WATER COOLED POWER GENERATORS,"265,076.34"
DONIK,16/06/2015,0000000230,Fast Retailing Co. Ltd.,JPN,CLOTHING,"431,710.00"
HQSMS,16/06/2015,0000030900,DANOFFICE PLC,DNK,NETWORK COMPONENTS / ACCESS,"197,948.22"
HQSMS,16/06/2015,0000030905,Scan Global Logistics A/S,DNK,CARGO/PASSENGER TRANSPORT,"495,544.83"
TUR01,16/06/2015,0000002085,KUEHNE AND NAGEL A/S,DNK,STORAGE/PACKING/HANDLING,"128,800.00"
BFA01,15/06/2015,0000000547,BFA ECODIS SA,BFA,DIESEL,"179,403.70"
HQSMS,15/06/2015,0000030888,W. GIERTSEN HALLSYSTEM AS,NOR,LAMP/ LAMP COMPONENTS,"377,874.00"
SYR01,14/06/2015,0000004199,SARA COMPANY,SYR,MAINTENANCE/ CONSTRUCTION SER,"1,042,201.00"
SYR01,14/06/2015,0000004200,KUEHNE AND NAGEL A/S,DNK,TRANSPORT SUPPORT,"233,900.00"
SYR01,14/06/2015,0000004202,ALKHOULY & QURAIT,SYR,SOAP/CLEANING /HYGIENE SUPPLIE,"913,289.60"
SYR01,14/06/2015,0000004203,ALKHOULY & QURAIT,SYR,SOAP/CLEANING /HYGIENE SUPPLIE,"334,000.00"
SYR01,14/06/2015,0000004204,ALKHOULY & QURAIT,SYR,SOAP/CLEANING /HYGIENE SUPPLIE,"501,000.00"
HQSMS,12/06/2015,0000030874,HCL Technologies Limited,IND,FINANCIAL SERVICES,"163,751.00"
HQSMS,12/06/2015,0000030879,TOYOTA MOTOR CORPORATION,JPN,4x4 STATION WAGON,"642,431.78"
HQSMS,11/06/2015,0000030861,ALPINTER,BEL,PLASTIC PRODUCTS (SHEETS & ROL,"157,324.00"
HQSMS,11/06/2015,0000030872,KITCHEN ESSENTIALS,IND,WATER BUCKET/ BASINE,"110,808.00"
NGA01,11/06/2015,0000000984,ROCKHOUND NIGERIA LIMITED,NGA,LAMP/ LAMP COMPONENTS,"135,576.20"
THA01,11/06/2015,0000001184,RMA Automotive Company Limited,THA,INVESTIGATION TECHNICAL SERVIC,"184,381.73"
TZA01,11/06/2015,0000003222,KENYA KAZI SECURITY (T) LTD,TZA,SECURITY/ SAFETY SERVICES,"129,802.04"
ZWE01,11/06/2015,0000000552,BUILDEQUIP HARDWARE (PVT) LTD,ZWE,STRUCTURAL BUILDING PRODUCTS /,"101,859.47"
EGY01,10/06/2015,0000001736,Top Quality for Management & Services,EGY,BUSINESS/ ADMINISTRATIVE SER,"104,849.28"
DONIK,09/06/2015,0000000228,Fast Retailing Co. Ltd.,JPN,CLOTHING,"143,060.00"
DONIK,09/06/2015,0000000229,Fast Retailing Co. Ltd.,JPN,CLOTHING,"417,795.01"
HQSMS,09/06/2015,0000030842,INTERNATIONAL DISPENSARY ASSOCIATION (ID,NLD,MISC DRUGS,"396,505.58"
KEN01,09/06/2015,0000007750,KARACHI HARDWARE CONSTRUCTION CO. LTD,KEN,MAINTENANCE/ CONSTRUCTION SER,"129,291.10"
NER01,09/06/2015,0000001566,ENTREPRISE EROH/GC/TP,NER,MAINTENANCE/ CONSTRUCTION SER,"116,825.15"
HQSMS,08/06/2015,0000030835,KUEHNE AND NAGEL A/S,DNK,CARGO/PASSENGER TRANSPORT,"101,010.00"
LBN01,08/06/2015,0000001862,PROTECTRON,LBN,SECURITY/ SAFETY SERVICES,"227,386.41"
TZA01,08/06/2015,0000003211,MALAGALASI SHIPPING COMPANY LIMITED,TZA,TRANSPORT SUPPORT,"300,000.00"
IRQ01,07/06/2015,0000002576,UNITED NATIONS ASS. MISSION FOR IRAQ,KWT,BUSINESS/ ADMINISTRATIVE SER,"914,161.81"
LBR01,05/06/2015,0000001907,SECURITY EXPERT GUARD AGENCY OF LIBERIA,LBR,SECURITY/ SAFETY SERVICES,"121,919.00"
DONIK,04/06/2015,0000000227,Fast Retailing Co. Ltd.,JPN,CLOTHING,"336,547.50"
HQSMS,04/06/2015,0000030807,WORLDFA EXPORTS PVT. LTD.,IND,KITCHENWARE,"226,590.00"
UGA01,04/06/2015,0000005007,MACKENZIE DEVELOPMENT COMPANY LTD,UGA,BUSINESS/ ADMINISTRATIVE SER,"143,118.90"
HQSMS,03/06/2015,0000030796,TECHNO TARP & POLIMERS PVT LTD,IND,PLASTIC PRODUCTS (SHEETS & ROL,"230,868.00"
HQSMS,03/06/2015,0000030797,BALDEV WOOLLEN INTERNATIONAL,IND,KITCHENWARE,"133,832.40"
DONIK,01/06/2015,0000000226,Fast Retailing Co. Ltd.,JPN,CLOTHING,"723,465.00"
TUR01,01/06/2015,0000002066,KUEHNE AND NAGEL A/S,DNK,TRANSPORT SUPPORT,"270,875.00"
TZA01,29/05/2015,0000003196,TOTAL (T) LTD,TZA,DIESEL,"476,680.86"
HQSMS,28/05/2015,0000030770,Farmingtons AUTOMOTIVE Gmbh,DEU,SPARE PARTS/ ACCESSORIES,"117,311.95"
HQSMS,28/05/2015,0000030774,O.K.I. GENERAL TRADING LLC,ARE,KITCHENWARE,"314,954.64"
SSD01,28/05/2015,0000002170,Tristar Transport LLC,ARE,DIESEL,"121,082.04"
HQSMS,27/05/2015,0000030755,IMRES,NLD,MISC MEDICAL SUPPLIES,"131,991.32"
JOR01,27/05/2015,0000003667,Irbid District Electricity Company LTD,JOR,MAINTENANCE/ CONSTRUCTION SER,"260,441.88"
NER01,27/05/2015,0000001541,WINDI CONSTRUCTION,NER,MAINTENANCE/ CONSTRUCTION SER,"111,060.54"
HQSMS,26/05/2015,0000030742,KUEHNE AND NAGEL A/S,DNK,CARGO/PASSENGER TRANSPORT,"104,250.00"
NER01,26/05/2015,0000001534,ENTREPRISE EROH/GC/TP,NER,MAINTENANCE/ CONSTRUCTION SER,"147,360.36"
TZA01,26/05/2015,0000003188,MARINE SERVISES COMPANY LIMITED,TZA,TRANSPORT SUPPORT,"304,500.00"
TZA01,26/05/2015,0000003189,SUNFLAG (TANZANIA) LIMITED,TZA,CLOTHING,"149,993.05"
SSD01,25/05/2015,0000002159,GAR-GAR TRANSPORTERS LTD,SSD,CARGO/PASSENGER TRANSPORT,"1,199,473.00"
TZA01,25/05/2015,0000003180,SOAP AND ALLIED INDUSTRIES LIMITED,TZA,SOAP/CLEANING /HYGIENE SUPPLIE,"187,100.00"
HQSMS,22/05/2015,0000030722,BIDCO AFRICA LIMITED,KEN,SOAP/CLEANING /HYGIENE SUPPLIE,"206,482.50"
HQSMS,22/05/2015,0000030724,NATIONAL TENT HOUSE,PAK,BLANKETS,"440,496.00"
HQSMS,22/05/2015,0000030728,NATIONAL TENT HOUSE,PAK,BLANKETS,"366,380.80"
HQSMS,22/05/2015,0000030731,WHO (UNICC),CHE,COMPUTER SERVICES,"1,132,992.00"
KEN01,22/05/2015,0000007720,ASL LIMITED,KEN,ROOFING MATERIAL,"273,276.94"
HQSMS,21/05/2015,0000030711,ALPINTER,BEL,TENT/ CAMP/ OUTDOOR EQUIP/ ACC,"666,400.00"
HQSMS,21/05/2015,0000030713,NATIONAL TENT HOUSE,PAK,TENT/ CAMP/ OUTDOOR EQUIP/ ACC,"651,100.00"
HQSMS,20/05/2015,0000030702,HEWLETT-PACKARD,CHE,COMPUTER SERVICES,"600,000.00"
YEM01,20/05/2015,0000002719,SAMADAN STORES,YEM,BEDCLOTHES/ MATRESSES/ TOWELS,"132,750.00"
HQSMS,19/05/2015,0000030690,NOVACOM SERVICES,FRA,GFM VTS FEES,"300,000.00"
HQSMS,19/05/2015,0000030693,KUEHNE AND NAGEL A/S,DNK,CARGO/PASSENGER TRANSPORT,"1,032,000.00"
HQSMS,19/05/2015,0000030699,M.K. EXIM (INDIA) LIMITED,IND,BEDCLOTHES/ MATRESSES/ TOWELS,"111,265.00"
TCD01,19/05/2015,0000005062,SNASE SARL,TCD,SECURITY/ SAFETY SERVICES,"138,201.35"
SYR01,17/05/2015,0000004181,FOUR SEASONS HOTEL,SYR,BUSINESS/ ADMINISTRATIVE SER,"139,963.67"
HQSMS,15/05/2015,0000030659,PLANSON INTERNATIONAL CORPORATION,USA,COMPUTERS,"136,874.00"
HQSMS,15/05/2015,0000030666,MEDIAEDGE:CIA INTERNATIONAL LIMITED,GBR,ADVERTISING/ INFORMATION SER,"430,000.00"
HQSMS,15/05/2015,0000030669,NATIONAL TENT HOUSE,PAK,TENT/ CAMP/ OUTDOOR EQUIP/ ACC,"390,660.00"
HQSMS,15/05/2015,0000030670,NATIONAL TENT HOUSE,PAK,TENT/ CAMP/ OUTDOOR EQUIP/ ACC,"1,524,339.98"
HQSMS,14/05/2015,0000030651,ALLIED TRANSPORT AGENT,TZA,TRANSPORT SUPPORT,"127,500.00"
MRT01,14/05/2015,0000000809,CTM-SA,MRT,SOAP/CLEANING /HYGIENE SUPPLIE,"107,075.68"
HQSMS,13/05/2015,0000030618,RELTEX TARPAULINS (AFRICA) EPZ LTD,KEN,PLASTIC PRODUCTS (SHEETS & ROL,"390,900.00"
HQSMS,13/05/2015,0000030619,N-R-S INTERNATIONAL -  FZE,ARE,BLANKETS,"399,750.00"
HQSMS,13/05/2015,0000030631,Scan Global Logistics A/S,DNK,CARGO/PASSENGER TRANSPORT,"162,000.00"
HQSMS,13/05/2015,0000030632,TOYOTA MOTOR CORPORATION,JPN,SEDAN,"627,185.53"
HQSMS,13/05/2015,0000030636,O.K.I. GENERAL TRADING LLC,ARE,KITCHENWARE,"584,915.76"
HQSMS,13/05/2015,0000030637,BALDEV WOOLLEN INTERNATIONAL,IND,KITCHENWARE,"348,460.00"
HQSMS,13/05/2015,0000030638,WORLDFA EXPORTS PVT. LTD.,IND,KITCHENWARE,"410,020.00"
SDN01,13/05/2015,0000005379,WFP EMERGENCY OPERATION IN SUDAN,SDN,TRANSPORT SUPPORT,"110,000.00"
HQSMS,12/05/2015,0000030602,N-R-S INTERNATIONAL -  FZE,ARE,TENT/ CAMP/ OUTDOOR EQUIP/ ACC,"833,340.00"
HQSMS,12/05/2015,0000030603,INDO-DANE TEXTILE INDUSTRIES PVT. LTD.,IND,BLANKETS,"209,475.00"
HQSMS,12/05/2015,0000030608,N-R-S INTERNATIONAL -  FZE,ARE,BLANKETS,"433,238.40"
HQSMS,12/05/2015,0000030610,M.K. EXIM (INDIA) LIMITED,IND,BEDCLOTHES/ MATRESSES/ TOWELS,"143,055.00"
HQSMS,12/05/2015,0000030611,Clements & Company Inc.,USA,GFM INSURANCE FEES,"237,500.00"
HQSMS,12/05/2015,0000030612,ALPINTER,BEL,PLASTIC PRODUCTS (SHEETS & ROL,"348,664.00"
HQSMS,12/05/2015,0000030613,N-R-S INTERNATIONAL -  FZE,ARE,WATER CANS,"100,548.00"
HQSMS,12/05/2015,0000030617,VESTERGAARD GROUP S.A.,CHE,MOSQUITO NET,"155,583.00"
JORSC,12/05/2015,0000000286,UltiSat Inc.,USA,TELECOMS SERVICES,"3,956,532.00"
RWA01,12/05/2015,0000001142,PRESTIGE SERVICES COMPANY LTD,RWA,TRANSPORT SUPPORT,"128,664.13"
Unit,PO Date,PO ID,Vendor Name,Vendor Cntry,Item Category Descr,USD Amount
COD01,11/05/2015,0000005885,UNHAS RDC,COD,TRANSPORT SUPPORT,"114,600.00"
HQSMS,11/05/2015,0000030597,RELTEX TARPAULINS (AFRICA) EPZ LTD,KEN,PLASTIC PRODUCTS (SHEETS & ROL,"423,750.00"
PSFRR,11/05/2015,0000000605,STARCOM ITALIA SRL,ITA,ADVERTISING/ INFORMATION SER,"231,888.27"
HQSMS,08/05/2015,0000030587,WORLDFA EXPORTS PVT. LTD.,IND,KITCHENWARE,"107,900.00"
HQSMS,06/05/2015,0000030561,Romande Energie Commerce SA,CHE,UTILITIES,"316,455.70"
HQSMS,06/05/2015,0000030564,PRICE WATERHOUSE COOPERS,CHE,FINANCIAL SERVICES,"110,000.00"
LBN01,06/05/2015,0000001832,MIC1  SAL,LBN,TELECOMS SERVICES,"249,000.00"
TUR01,06/05/2015,0000002054,KUEHNE AND NAGEL A/S,DNK,STORAGE/PACKING/HANDLING,"128,800.00"
BDI01,05/05/2015,0000000854,BURUNDI QUALITY STOVES,BDI,FUELS (UNSPECIFIED),"126,627.81"
HQSMS,05/05/2015,0000030536,PARKASH WOOLEN INDUSTRIES,IND,BLANKETS,"290,304.00"
HQSMS,05/05/2015,0000030543,RELTEX TARPAULINS (AFRICA) EPZ LTD,KEN,PLASTIC PRODUCTS (SHEETS & ROL,"260,600.00"
EGY01,04/05/2015,0000001724,Diocese of Egypt,EGY,BUSINESS/ ADMINISTRATIVE SER,"160,104.16"
ETH01,04/05/2015,0000004118,BEE FREIGHT TRANSPORT ASSOCIATION,ETH,TRANSPORT SUPPORT,"220,498.75"
HQSMS,04/05/2015,0000030535,Scan Global Logistics A/S,DNK,CARGO/PASSENGER TRANSPORT,"195,000.00"
LBN01,04/05/2015,0000001830,GLOBEMED LEBANON SAL,LBN,HEALTHCARE SERVICES,"4,837,866.00"
TUR01,04/05/2015,0000002048,HAKSEL BURO MOBILYALARI SAN. VE TIC,TUR,HOUSEHOLD FURNITURE/EQUIPMENT,"682,330.83"
TUR01,04/05/2015,0000002049,VESTEL TICARET AS,TUR,REFRIGERATOR / FREEZER,"424,812.03"
IRQ01,03/05/2015,0000002542,UNITED NATIONS ASS. MISSION FOR IRAQ,KWT,BUSINESS/ ADMINISTRATIVE SER,"125,551.17"
HQSMS,01/05/2015,0000030530,ZORYA SECURITY PRINTING,UKR,REGISTRATION SUPPLIES,"112,400.00"
DONIK,30/04/2015,0000000222,Fast Retailing Co. Ltd.,JPN,CLOTHING,"132,250.00"
HQSMS,30/04/2015,0000030527,D'ALESSANDRI CONGRESS SERVICE,CHE,BUSINESS/ ADMINISTRATIVE SER,"123,439.35"
SSD01,30/04/2015,0000002135,Juba Office Cleaning Services  LTD,SSD,MAINTENANCE/ CONSTRUCTION SER,"324,629.01"
HQSMS,29/04/2015,0000030519,VESTERGAARD GROUP S.A.,CHE,MOSQUITO NET,"108,855.00"
LBN01,29/04/2015,0000001823,PROTECTRON,LBN,SECURITY/ SAFETY SERVICES,"227,386.41"
PSFRR,29/04/2015,0000000601,APPCO GROUP ITALIA SRL,ITA,ADVERTISING/ INFORMATION SER,"611,882.99"
SAU01,29/04/2015,0000000850,MEC MENA FZ-LLC,ARE,ADVERTISING/ INFORMATION SER,"400,000.00"
SSD01,29/04/2015,0000002132,GAR-GAR TRANSPORTERS LTD,SSD,CARGO/PASSENGER TRANSPORT,"923,500.00"
ETH01,28/04/2015,0000004097,UN ECONOMIC COMMISSION FOR AFRICA,ETH,BUSINESS/ ADMINISTRATIVE SER,"106,806.00"
TUR01,28/04/2015,0000002042,KUEHNE AND NAGEL A/S,DNK,TRANSPORT SUPPORT,"124,048.05"
HQSMS,27/04/2015,0000030494,CTG Global (JLT Branch),ARE,BUSINESS/ ADMINISTRATIVE SER,"131,800.00"
JOR01,27/04/2015,0000003638,Jordan Modern Oil & Fuel Services Ltd,JOR,PETROL/BENZINE,"311,504.23"
LBN01,27/04/2015,0000001821,AGILITY LOGISTICS LEBANON SAL,LBN,STORAGE/PACKING/HANDLING,"486,118.00"
JORMN,26/04/2015,0000000175,Oxford Policy Management Ltd,GBR,EVALUATION SERVICE,"202,276.63"
HQSMS,24/04/2015,0000030471,TRANSMOTORS B.V.,NLD,SPARE PARTS/ ACCESSORIES,"111,450.00"
HQSMS,24/04/2015,0000030473,TRANSMOTORS B.V.,NLD,SPARE PARTS/ ACCESSORIES,"111,450.00"
HQSMS,24/04/2015,0000030475,TOYOTA GIBRALTAR STOCKHOLDINGS LTD,GBR,SAFETY/ RESCUE VEHICLE,"174,542.62"
HQSMS,24/04/2015,0000030480,ACCENTURE AG,CHE,COMPUTER SERVICES,"597,507.48"
KEN01,24/04/2015,0000007654,EQUITY BANK KENYA LTD,KEN,SECURITY/ SAFETY SERVICES,"160,953.41"
PAK01,24/04/2015,0000004960,WACKENHUT PAKISTAN (PVT) LTD,PAK,SECURITY/ SAFETY SERVICES,"161,458.51"
HQSMS,23/04/2015,0000030462,Precedent Communications Ltd,GBR,COMPUTER SERVICES,"149,400.00"
SSD01,23/04/2015,0000002129,TAAM PETROLEUM LTD.,SSD,DIESEL,"217,000.00"
YEM01,23/04/2015,0000002713,Mohammed Al-Hadi office,YEM,STORAGE/PACKING/HANDLING,"227,175.60"
YEM01,23/04/2015,0000002714,STALLION SECURITY & SAFETY SERVICES LTD.,YEM,SECURITY/ SAFETY SERVICES,"265,272.00"
HQSMS,22/04/2015,0000030446,PLANSON INTERNATIONAL CO.,USA,PRINTER/ PRINTER ACCESSORIES,"241,920.00"
LBN01,22/04/2015,0000001815,PROTECTRON,LBN,SECURITY/ SAFETY SERVICES,"206,715.51"
TZA01,22/04/2015,0000003154,SCANIA TANZANIA LTD,TZA,BUS,"137,288.00"
BFA01,21/04/2015,0000000538,UN OFFICE FOR PROJECT SERVICES (UNOPS),KEN,FINANCIAL SERVICES,"129,143.20"
SAU01,21/04/2015,0000000843,MEC MENA FZ-LLC,ARE,ADVERTISING/ INFORMATION SER,"150,000.00"
ETH01,20/04/2015,0000004086,ETAB SOAP FACTORY,ETH,SOAP/CLEANING /HYGIENE SUPPLIE,"605,366.39"
RWA01,20/04/2015,0000001133,MEREZ PETROLEUM,RWA,DIESEL,"316,118.26"
BGD01,19/04/2015,0000001004,Bangladesh National Women Lawyers Asso,BGD,BUSINESS/ ADMINISTRATIVE SER,"103,447.93"
ETH01,16/04/2015,0000004085,SUGAR CORPORATION,ETH,FUELS (UNSPECIFIED),"479,000.02"
HQSMS,16/04/2015,0000030396,DANOFFICE PLC,DNK,SOFTWARE,"134,728.00"
PAK01,16/04/2015,0000004952,BEGUM AFTAB RIAZ KHAN,PAK,BUSINESS/ ADMINISTRATIVE SER,"104,688.32"
SCG02,16/04/2015,0000001934,AUTOTRADE sh.p.k.,KOS,SEDAN,"179,306.60"
HQSMS,15/04/2015,0000030393,Budapest Business School (BBS),HUN,BUSINESS/ ADMINISTRATIVE SER,"104,543.81"
SYR01,15/04/2015,0000004167,KHULUD SIRRI HALABI / DHL Express,LBN,STORAGE/PACKING/HANDLING,"272,237.00"
THA01,15/04/2015,0000001171,RMA Automotive Company Limited,THA,INVESTIGATION TECHNICAL SERVIC,"491,249.62"
HQSMS,14/04/2015,0000030384,INTERNATIONAL DISPENSARY ASSOCIATION (ID,NLD,MISC DRUGS,"122,274.95"
KEN01,14/04/2015,0000007627,HASHI ENERGY LIMITED,KEN,DIESEL,"636,446.04"
KEN01,14/04/2015,0000007629,HASHI ENERGY LIMITED,KEN,DIESEL,"208,679.96"
HQSMS,13/04/2015,0000030375,NUTRISET SAS,FRA,PREPARED/ PRESERVED FOODS,"222,236.48"
HQSMS,10/04/2015,0000030352,NOVACOM SERVICES,FRA,SATELLITE EQUIP/ ACCESSORIES,"179,890.00"
HQSMS,09/04/2015,0000030338,RELTEX TARPAULINS (AFRICA) EPZ LTD,KEN,PLASTIC PRODUCTS (SHEETS & ROL,"143,330.00"
HQSMS,09/04/2015,0000030345,N-R-S INTERNATIONAL -  FZE,ARE,BLANKETS,"114,036.00"
JOR01,09/04/2015,0000003612,Kuehne+Nagel,JOR,TRANSPORT SUPPORT,"211,864.41"
SYR01,09/04/2015,0000004165,FOUR SEASONS HOTEL,SYR,BUSINESS/ ADMINISTRATIVE SER,"153,297.14"
BFA01,08/04/2015,0000000518,BFA EGSN (WEND PAANGA),BFA,SECURITY/ SAFETY SERVICES,"113,023.85"
HQSMS,08/04/2015,0000030313,KUEHNE AND NAGEL A/S,DNK,TRANSPORT SUPPORT,"138,550.00"
HQSMS,08/04/2015,0000030314,WILLIS LTD,GBR,INSURANCE SERVICES,"460,000.00"
HQSMS,08/04/2015,0000030315,WILLIS LTD,GBR,INSURANCE SERVICES,"380,650.00"
HQSMS,08/04/2015,0000030318,WORLDFA EXPORTS PVT. LTD.,IND,KITCHENWARE,"604,240.00"
HQSMS,08/04/2015,0000030323,VISHAL METAL INDUSTRIES,IND,KITCHENWARE,"338,247.00"
HQSMS,08/04/2015,0000030325,VISHAL METAL INDUSTRIES,IND,KITCHENWARE,"144,963.00"
HQSMS,08/04/2015,0000030326,VISHAL METAL INDUSTRIES,IND,KITCHENWARE,"232,883.00"
HQSMS,08/04/2015,0000030327,ALPINTER,BEL,PLASTIC PRODUCTS (SHEETS & ROL,"229,240.00"
HQSMS,08/04/2015,0000030330,WORLDFA EXPORTS PVT. LTD.,IND,KITCHENWARE,"107,900.00"
HQSMS,08/04/2015,0000030334,THE COMMONWEALTH OF LEARNING,CAN,EDUCATION/ TRAINING SERVICES,"109,446.64"
JOR01,08/04/2015,0000003610,Irbid District Electricity Company LTD,JOR,UTILITIES,"266,949.16"
HQSMS,07/04/2015,0000030292,BIDCO OIL REFINERIES LIMITED,KEN,SOAP/CLEANING /HYGIENE SUPPLIE,"355,062.50"
HQSMS,07/04/2015,0000030307,TECHNO TARP & POLIMERS PVT LTD,IND,PLASTIC PRODUCTS (SHEETS & ROL,"135,423.48"
HQSMS,07/04/2015,0000030308,TECHNO TARP & POLIMERS PVT LTD,IND,PLASTIC PRODUCTS (SHEETS & ROL,"139,160.00"
HQSMS,07/04/2015,0000030309,CHEVIN FLEET SOLUTIONS,GBR,COMPUTER SERVICES,"144,000.00"
HQSMS,07/04/2015,0000030311,N-R-S INTERNATIONAL -  FZE,ARE,WATER CANS,"495,989.00"
SYR01,06/04/2015,0000004161,KHULUD SIRRI HALABI / DHL Express,LBN,TRANSPORT SUPPORT,"400,000.00"
SYR01,06/04/2015,0000004162,"NAZHA Travel, Tourism & Freight",LBN,TRANSPORT SUPPORT,"600,000.00"
HQSMS,03/04/2015,0000030282,ALPINTER,BEL,PLASTIC PRODUCTS (SHEETS & ROL,"191,340.00"
HQSMS,03/04/2015,0000030283,N-R-S INTERNATIONAL -  FZE,ARE,BLANKETS,"105,452.00"
HQSMS,02/04/2015,0000030261,WIPRO LIMITED,IND,FINANCIAL SERVICES,"175,000.00"
HQSMS,02/04/2015,0000030270,NATIONAL TENT HOUSE,PAK,BLANKETS,"424,200.00"
LBN01,02/04/2015,0000001802,UNDP IN LEBANON,LBN,BUSINESS/ ADMINISTRATIVE SER,"290,910.36"
LBN01,02/04/2015,0000001803,ICC SAL,LBN,COMPUTERS,"181,558.00"
RWA01,02/04/2015,0000001123,BEIJING PAPER CORPORATION,RWA,PERSONAL CARE PRODUCTS,"110,309.21"
TUR01,02/04/2015,0000002013,SAFCELIK OFIS MOBILYA  - FARUK CALISKAN,TUR,HOUSEHOLD FURNITURE/EQUIPMENT,"131,720.43"
TUR01,02/04/2015,0000002014,VESTEL TICARET AS,TUR,REFRIGERATOR / FREEZER,"123,655.91"
SSD01,01/04/2015,0000002098,KUEHNE AND NAGEL A/S,DNK,CARGO/PASSENGER TRANSPORT,"327,800.00"
SSD01,01/04/2015,0000002099,KUEHNE AND NAGEL A/S,DNK,CARGO/PASSENGER TRANSPORT,"596,000.00"
TZA01,01/04/2015,0000003145,The UN WORLD FOOD PROGRAMME,ITA,CHARTERS,"401,280.00"
CONS,31/03/2015,0000006090,Chris Coldewey,CAN,COMPUTER SERVICES,"117,000.00"
HQSMS,31/03/2015,0000030248,Microsoft Switzerland Ltd. Liab Co.,CHE,FINANCIAL SERVICES,"216,728.00"
PSFRR,31/03/2015,0000000591,CEMIT INTERACTIVE MEDIA,ITA,ADVERTISING/ INFORMATION SER,"161,397.62"
SSD01,31/03/2015,0000002097,TROJAN ENTREPRISES  (SS)  LTD,SDN,DIESEL,"130,248.00"
TUR01,31/03/2015,0000002009,ALTUNOZ ITHALAT IHRACAT SANAYI,TUR,LAMP/ LAMP COMPONENTS,"176,497.70"
COD01,30/03/2015,0000005814,VODACOM KINSHASA,COD,TELECOMS SERVICES,"118,900.00"
Unit,PO Date,PO ID,Vendor Name,Vendor Cntry,Item Category Descr,USD Amount
COD01,30/03/2015,0000005815,SONAS KASAVUBU,COD,INSURANCE SERVICES,"100,514.00"
HQSMS,30/03/2015,0000030234,W. GIERTSEN HALLSYSTEM AS,NOR,LAMP/ LAMP COMPONENTS,"402,135.00"
HQSMS,30/03/2015,0000030236,WILLIS LTD,GBR,INSURANCE SERVICES,"171,000.00"
HQSMS,30/03/2015,0000030237,INDO-DANE TEXTILE INDUSTRIES PVT. LTD.,IND,BLANKETS,"115,852.80"
PSFRR,30/03/2015,0000000589,METAMARKETING SERVICE srl,ITA,ADVERTISING/ INFORMATION SER,"206,566.28"
HQSMS,27/03/2015,0000030225,MARSH LIMITED,GBR,INSURANCE SERVICES,"450,230.79"
HQSMS,27/03/2015,0000030226,HEXAWARE TECHNOLOGIES LIMITED UK,GBR,COMPUTER SERVICES,"242,860.00"
HQSMS,27/03/2015,0000030230,ID INTEGRATED DATA SA,CHE,COMPUTER SERVICES,"101,051.90"
TUR01,27/03/2015,0000002004,KUEHNE AND NAGEL A/S,DNK,TRANSPORT SUPPORT,"578,167.50"
TUR01,27/03/2015,0000002005,KUEHNE AND NAGEL A/S,DNK,TRANSPORT SUPPORT,"163,050.00"
HQSMS,26/03/2015,0000030210,DHL GLOBAL FORWARDING (DENMARK) A/S,DNK,CARGO/PASSENGER TRANSPORT,"238,600.00"
HQSMS,26/03/2015,0000030221,NATIONAL TENT HOUSE,PAK,PERSONAL CARE PRODUCTS,"139,125.00"
LBN01,26/03/2015,0000001795,ASSIYANA SAL,LBN,MAINTENANCE/ CONSTRUCTION SER,"434,880.00"
LBN01,25/03/2015,0000001794,PROTECTRON,LBN,SECURITY/ SAFETY SERVICES,"221,533.71"
TUR01,25/03/2015,0000001999,RAM DIS TICARET A.S.,TUR,BEDCLOTHES/ MATRESSES/ TOWELS,"255,102.04"
HQSMS,24/03/2015,0000030199,THE MEDICAL EXPORT GROUP BV,NLD,MISC DRUGS,"532,471.85"
HQSMS,24/03/2015,0000030203,SWISSCOM (Switzerland) Ltd,CHE,TELECOMS SERVICES,"144,422.31"
SYR01,24/03/2015,0000004152,KUEHNE AND NAGEL A/S,DNK,TRANSPORT SUPPORT,"189,525.00"
YEM01,24/03/2015,0000002701,MANSOUR AL-DHAFER FOR TRADING ESTABLI.,YEM,SOAP/CLEANING /HYGIENE SUPPLIE,"103,781.52"
HQSMS,23/03/2015,0000030188,IMRES,NLD,MISC DRUGS,"146,778.32"
HQSMS,23/03/2015,0000030190,VISHAL METAL INDUSTRIES,IND,KITCHENWARE,"393,211.00"
HQSMS,23/03/2015,0000030191,UNITED NATIONS OFFICE AT GENEVA,CHE,BUSINESS/ ADMINISTRATIVE SER,"232,866.00"
HQSMS,23/03/2015,0000030194,TECHNO TARP & POLIMERS PVT LTD,IND,PLASTIC PRODUCTS (SHEETS & ROL,"400,959.00"
KEN01,23/03/2015,0000007601,HASHI ENERGY LIMITED,KEN,DIESEL,"101,218.76"
LBN01,23/03/2015,0000001789,GLOBEMED LEBANON SAL,LBN,HEALTHCARE SERVICES,"1,414,914.84"
SYR01,23/03/2015,0000004149,FOUR SEASONS HOTEL,SYR,MEETING/TRAVEL/ FOOD SER,"131,964.73"
SSD01,21/03/2015,0000002079,WARRIOR SECURITY SUDAN LIMITED,SDN,SECURITY/ SAFETY SERVICES,"129,710.37"
SSD01,21/03/2015,0000002082,Juba Office Cleaning Services  LTD,SSD,MAINTENANCE/ CONSTRUCTION SER,"214,919.33"
COG01,20/03/2015,0000001330,X-OIL  CONGO,COG,PETROL/BENZINE,"107,717.00"
SSD01,20/03/2015,0000002077,G.S CONSTRUCTION CO. LTD,SSD,BUSINESS/ ADMINISTRATIVE SER,"147,400.00"
UKR01,20/03/2015,0000001345,"TOV ""TK-DOMASHNIY TEKSTYL""",UKR,BLANKETS,"422,460.87"
BFA01,19/03/2015,0000000509,DANISH REFUGEE COUNCIL (DRC),BFA,FINANCIAL SERVICES,"144,593.12"
CMR01,19/03/2015,0000002419,GEOFOR,CMR,MAINTENANCE/ CONSTRUCTION SER,"135,404.58"
JOR01,19/03/2015,0000003593,Irbid District Electricity Company LTD,JOR,MAINTENANCE/ CONSTRUCTION SER,"155,000.00"
HQSMS,18/03/2015,0000030172,New Media Lead (S.A.R.L),LBN,ADVERTISING/ INFORMATION SER,"180,000.00"
MRT01,18/03/2015,0000000796,MAURITANO SUISSE SECURITE,MRT,SECURITY/ SAFETY SERVICES,"142,620.00"
SYR01,18/03/2015,0000004145,KHULUD SIRRI HALABI / DHL Express,LBN,STORAGE/PACKING/HANDLING,"250,000.00"
HQSMS,17/03/2015,0000030157,MICROSOFT IRELAND OPERATIONS LTD,IRL,COMPUTER SERVICES,"1,555,161.36"
KEN01,17/03/2015,0000007580,WFP SOMALIA,KEN,CHARTERS,"175,000.00"
KEN01,17/03/2015,0000007585,HASHI ENERGY LIMITED,KEN,DIESEL,"159,789.47"
SSD01,17/03/2015,0000002070,TROJAN ENTREPRISES  (SS)  LTD,SDN,DIESEL,"110,550.00"
COD01,16/03/2015,0000005801,WORLD FOOD PROGRAMME,ITA,CHARTERS,"835,875.89"
HQSMS,16/03/2015,0000030141,KUEHNE AND NAGEL A/S,DNK,STORAGE/PACKING/HANDLING,"135,000.00"
HQSMS,16/03/2015,0000030144,NATIONAL TENT HOUSE,PAK,BLANKETS,"416,850.00"
HQSMS,16/03/2015,0000030149,W. GIERTSEN HALLSYSTEM AS,NOR,LAMP/ LAMP COMPONENTS,"474,810.00"
HQSMS,13/03/2015,0000030133,HCL Technologies Limited,IND,FINANCIAL SERVICES,"135,510.00"
HQSMS,13/03/2015,0000030134,KUEHNE AND NAGEL A/S,DNK,STORAGE/PACKING/HANDLING,"711,200.00"
HQSMS,12/03/2015,0000030125,UNICEF SUPPLY DIVISION,DNK,STORAGE/PACKING/HANDLING,"105,000.00"
NER01,12/03/2015,0000001396,PAM NIGER,NER,TRANSPORT SUPPORT,"200,000.00"
PSFRR,12/03/2015,0000000581,Delta Promotions srl,ITA,ADVERTISING/ INFORMATION SER,"842,507.30"
HQSMS,11/03/2015,0000030119,Chime Communications Plc,GBR,GFM INSURANCE FEES,"291,829.45"
HQSMS,11/03/2015,0000030121,N-R-S INTERNATIONAL -  FZE,ARE,WATER CANS,"132,000.00"
KOR01,11/03/2015,0000000643,IN DNP CO. Ltd.,KOR,PHOTO/ GRAPHIC/ DESIGN SER,"135,369.19"
PAK01,11/03/2015,0000004907,ESSA KHAN FILLING STATION,PAK,DIESEL,"109,900.89"
SYR01,11/03/2015,0000004140,FOUR SEASONS HOTEL,SYR,MEETING/TRAVEL/ FOOD SER,"141,765.52"
CHN01,10/03/2015,0000001577,DEMO TV LTD,GBR,ADVERTISING/ INFORMATION SER,"121,177.20"
HQSMS,10/03/2015,0000030104,LAN EXPERT,CHE,FINANCIAL SERVICES,"144,392.03"
THA01,10/03/2015,0000001152,SG GLOBAL SUPPORT SERVICES SDN BHD,MYS,ADVERTISING/ INFORMATION SER,"142,349.03"
THA01,10/03/2015,0000001153,APPCO LIMITED,THA,ADVERTISING/ INFORMATION SER,"351,900.49"
TUR01,10/03/2015,0000001980,KUEHNE AND NAGEL A/S,DNK,STORAGE/PACKING/HANDLING,"342,800.00"
IRQ01,09/03/2015,0000002493,UNITED NATIONS ASS. MISSION FOR IRAQ,KWT,BUSINESS/ ADMINISTRATIVE SER,"281,461.15"
RWA01,09/03/2015,0000001117,AGESPRO SECURITY,RWA,SECURITY/ SAFETY SERVICES,"153,633.25"
ZAF01,09/03/2015,0000001275,UNITED NATIONS DEVELOPMENT PROGRAMME,ZAF,BUSINESS/ ADMINISTRATIVE SER,"154,140.94"
FRA01,06/03/2015,0000000561,AFIAA,FRA,BUSINESS/ ADMINISTRATIVE SER,"121,212.12"
HQSMS,06/03/2015,0000030072,SOS INTERNATIONAL,CHE,VACCINES,"117,845.12"
HQSMS,06/03/2015,0000030073,N-R-S INTERNATIONAL -  FZE,ARE,PLASTIC PRODUCTS (SHEETS & ROL,"381,600.00"
HQSMS,06/03/2015,0000030076,N-R-S INTERNATIONAL -  FZE,ARE,PLASTIC PRODUCTS (SHEETS & ROL,"127,200.00"
HQSMS,06/03/2015,0000030077,TECHNO TARP & POLIMERS PVT LTD,IND,PLASTIC PRODUCTS (SHEETS & ROL,"103,880.00"
HQSMS,06/03/2015,0000030078,Stirling HSSE Limited,JEY,EDUCATION/ TRAINING SERVICES,"174,629.00"
HQSMS,06/03/2015,0000030087,Safe Host SA,CHE,TELECOMS SERVICES,"267,295.60"
LBN01,06/03/2015,0000001773,MediVisa S.A.L,LBN,HEALTHCARE SERVICES,"1,389,583.33"
CONS,05/03/2015,0000006060,"NYANDWI,PIERRE CLAVER",BDI,FINANCIAL SERVICES,"102,360.00"
SSD01,05/03/2015,0000002053,Coco Travel Limited,SSD,CARGO/PASSENGER TRANSPORT,"190,000.00"
AFG01,04/03/2015,0000003777,Abdullah Mokhtarzada,CHE,BUSINESS/ ADMINISTRATIVE SER,"192,000.00"
AFG01,04/03/2015,0000003778,DR. WASFIA RAHIMI,DEU,BUSINESS/ ADMINISTRATIVE SER,"144,000.00"
SYR01,04/03/2015,0000004130,ITC Pharma Ahmad Baalbaki Drugstore,SYR,MISC DRUGS,"397,078.74"
HQSMS,03/03/2015,0000030046,XEROX AG,CHE,REPRODUCTION SERVICES,"106,907.76"
HQSMS,03/03/2015,0000030051,Microsoft Switzerland Ltd. Liab Co.,CHE,FINANCIAL SERVICES,"161,000.00"
JOR01,03/03/2015,0000003567,Irbid District Electricity Company LTD,JOR,UTILITIES,"2,824,858.76"
LBN01,03/03/2015,0000001764,Imad Mohammed Jaber,LBN,BUSINESS/ ADMINISTRATIVE SER,"201,600.00"
HQSMS,02/03/2015,0000030037,KITCHEN ESSENTIALS,IND,WATER CANS,"280,000.00"
HQSMS,02/03/2015,0000030040,Farmingtons AUTOMOTIVE Gmbh,DEU,ARMOURED VEHICLES,"317,060.00"
SSD01,02/03/2015,0000002046,KUEHNE AND NAGEL A/S,DNK,CARGO/PASSENGER TRANSPORT,"106,750.00"
TUR01,28/02/2015,0000001954,INTERTEK ITALIA SPA,ITA,INSPECTION SERVICES,"323,680.00"
TUR01,28/02/2015,0000001955,Mersin Seker Tarim Urunleri Tic AS,TUR,PERSONAL CARE PRODUCTS,"126,226.49"
HQSMS,27/02/2015,0000030031,VOLVO TRUCK CORPORATION,SWE,TANKERS,"113,719.77"
HQSMS,27/02/2015,0000030032,KUEHNE AND NAGEL A/S,DNK,CARGO/PASSENGER TRANSPORT,"182,550.00"
MEX01,27/02/2015,0000000320,COMUNICART SA DE CV,MEX,ADVERTISING/ INFORMATION SER,"151,425.63"
BDI01,26/02/2015,0000000832,FAROOK SALEH  ADAM,BDI,BUSINESS/ ADMINISTRATIVE SER,"120,000.00"
HQSMS,26/02/2015,0000030020,WIPRO LIMITED,IND,FINANCIAL SERVICES,"347,949.00"
HQSMS,26/02/2015,0000030021,WIPRO LIMITED,IND,FINANCIAL SERVICES,"250,430.00"
HQSMS,26/02/2015,0000030023,WIPRO LIMITED,IND,FINANCIAL SERVICES,"100,420.00"
HQSMS,26/02/2015,0000030025,WIPRO LIMITED,IND,FINANCIAL SERVICES,"2,803,990.00"
PAK01,26/02/2015,0000004890,WACKENHUT PAKISTAN (PVT) LTD,PAK,SECURITY/ SAFETY SERVICES,"290,714.92"
SYR01,26/02/2015,0000004108,BAALBAKI GROUP SA (OFF-SHORE) LTD,LBN,BEDCLOTHES/ MATRESSES/ TOWELS,"2,403,628.12"
SYR01,26/02/2015,0000004110,ALHOUDA SARL,LBN,BEDCLOTHES/ MATRESSES/ TOWELS,"1,777,000.00"
SYR01,26/02/2015,0000004112,THE INT. FOR FOAM&MATRESSES MANUFACTURIN,JOR,BEDCLOTHES/ MATRESSES/ TOWELS,"3,364,000.00"
SYR01,26/02/2015,0000004114,ALKHOULY & QURAIT,SYR,SOAP/CLEANING /HYGIENE SUPPLIE,"2,505,000.00"
SYR01,26/02/2015,0000004116,ALKHOULY & QURAIT,SYR,PERSONAL CARE PRODUCTS,"1,700,000.00"
SYR01,26/02/2015,0000004118,ALKUSTY FOR TRADING COMPANY S.A.L,LBN,PERSONAL CARE PRODUCTS,"105,000.00"
SYR01,26/02/2015,0000004120,ALKUSTY FOR TRADING COMPANY S.A.L,LBN,PERSONAL CARE PRODUCTS,"350,000.00"
COD01,25/02/2015,0000005778,MONUSCO,COD,TRANSPORT SUPPORT,"161,700.00"
HQSMS,25/02/2015,0000030012,Pixelstream AG,CHE,CARGO/PASSENGER TRANSPORT,"193,680.43"
HQSMS,25/02/2015,0000030014,NV Reibel SA,BEL,INVESTIGATION TECHNICAL SERVIC,"113,378.68"
Unit,PO Date,PO ID,Vendor Name,Vendor Cntry,Item Category Descr,USD Amount
JORSC,25/02/2015,0000000246,Nidal and Ishaq and Ziad Ishaq Alhjazeen,JOR,BUSINESS/ ADMINISTRATIVE SER,"127,118.64"
KEN01,25/02/2015,0000007526,GALANA OIL KENYA LIMITED,KEN,DIESEL,"210,045.80"
TUR01,25/02/2015,0000001950,Mersin Seker Tarim Urunleri Tic AS,TUR,PERSONAL CARE PRODUCTS,"230,757.40"
HQSMS,24/02/2015,0000030005,KATE FREIGHT AND TRAVEL LTD,KEN,STORAGE/PACKING/HANDLING,"318,000.00"
HQSMS,23/02/2015,0000030001,ETS NAHEED KHAWEJA,LBN,WATER COOLED POWER GENERATORS,"338,982.00"
TZA01,23/02/2015,0000003119,TOTAL (T) LTD,TZA,DIESEL,"128,426.62"
SDN01,22/02/2015,0000005311,ALHADAF SERVICES COMPANY LTD,SDN,SECURITY/ SAFETY SERVICES,"480,000.00"
CIV01,20/02/2015,0000002023,SPDC SOFITEL ABIDJAN HOTEL IVOIRE,CIV,BUSINESS/ ADMINISTRATIVE SER,"155,916.14"
HQSMS,20/02/2015,0000029988,HCL Technologies Limited,IND,FINANCIAL SERVICES,"1,313,365.00"
HQSMS,20/02/2015,0000029990,HCL Technologies Limited,IND,FINANCIAL SERVICES,"122,368.00"
HQSMS,20/02/2015,0000029991,HCL Technologies Limited,IND,FINANCIAL SERVICES,"190,224.00"
HQSMS,20/02/2015,0000029992,HCL Technologies Limited,IND,FINANCIAL SERVICES,"277,728.00"
HQSMS,20/02/2015,0000029994,HCL Technologies Limited,IND,FINANCIAL SERVICES,"138,864.00"
SSD01,20/02/2015,0000002023,Coco Travel Limited,SSD,CHARTERS,"105,267.84"
SSD01,20/02/2015,0000002031,PACIFIC ARCHITECTS AND ENGINEERS INC.,USA,MAINTENANCE/ CONSTRUCTION SER,"2,800,000.00"
UKR01,20/02/2015,0000001283,"TOV ""TK-DOMASHNIY TEKSTYL""",UKR,BLANKETS,"418,996.97"
CAF01,19/02/2015,0000001462,SDC INTERNATIONALE,CAF,STORAGE/PACKING/HANDLING,"451,535.55"
HQSMS,19/02/2015,0000029983,TRANSIMEX,CMR,STORAGE/PACKING/HANDLING,"230,236.79"
LBN01,19/02/2015,0000001757,PROTECTRON,LBN,SECURITY/ SAFETY SERVICES,"207,359.70"
PAK01,19/02/2015,0000004886,UNDP REPRESENTATIVE IN PAKISTAN,PAK,BUSINESS/ ADMINISTRATIVE SER,"208,536.87"
SSD01,19/02/2015,0000002019,INTERACTIVE LTD,KEN,PREFABRICATED House,"173,700.00"
BGD01,18/02/2015,0000000984,M/s. OMR Agencies,BGD,SOAP/CLEANING /HYGIENE SUPPLIE,"104,602.65"
HQSMS,18/02/2015,0000029972,Adobe Systems Software Ireland Limited,IRL,COMPUTER SERVICES,"157,356.82"
IRQ01,18/02/2015,0000002474,UNITED NATIONS ASS. MISSION FOR IRAQ,KWT,BUSINESS/ ADMINISTRATIVE SER,"114,015.42"
MMR01,18/02/2015,0000001742,LEO EXERA,MMR,SECURITY/ SAFETY SERVICES,"234,146.34"
GEO01,17/02/2015,0000001626,WISSOL PETROLEUM GEORGIA JSC,GEO,DIESEL,"109,302.47"
HQSMS,17/02/2015,0000029965,UNITED NATIONS OFFICE AT NAIROBI,KEN,BUSINESS/ ADMINISTRATIVE SER,"1,234,050.00"
JOR01,17/02/2015,0000003543,JORDAN ELECTRIC POWER COMPANY,JOR,UTILITIES,"331,920.90"
LBN01,17/02/2015,0000001751,RACHID KARAME INTERNATIONAL FAIR,LBN,BUSINESS/ ADMINISTRATIVE SER,"321,013.56"
SSD01,17/02/2015,0000002010,GAR-GAR TRANSPORTERS LTD,SSD,TRANSPORT SUPPORT,"800,000.00"
GEO01,16/02/2015,0000001625,IE OMAR MUZASHVILI,GEO,BEDCLOTHES/ MATRESSES/ TOWELS,"113,753.29"
HQSMS,16/02/2015,0000029962,UNITED NATIONS OFFICE AT GENEVA,CHE,BUSINESS/ ADMINISTRATIVE SER,"3,241,869.00"
PAK01,16/02/2015,0000004874,PAKISTAN STATE OIL,PAK,DIESEL,"106,298.84"
SSD01,16/02/2015,0000002003,TAAM PETROLEUM LTD.,SSD,DIESEL,"716,100.00"
THA01,16/02/2015,0000001137,UN ESCAP,THA,BUSINESS/ ADMINISTRATIVE SER,"194,160.00"
JOR01,15/02/2015,0000003536,G4S Secure Solutions Int'l Inc. Jordan,JOR,SECURITY/ SAFETY SERVICES,"363,026.98"
JOR01,15/02/2015,0000003539,Kuehne+Nagel,JOR,STORAGE/PACKING/HANDLING,"150,960.00"
YEM01,15/02/2015,0000002678,STALLION SECURITY & SAFETY SERVICES LTD.,YEM,SECURITY/ SAFETY SERVICES,"315,840.00"
YEM01,15/02/2015,0000002679,WELANCO FOR GENERAL SERVICES AND TRD.,YEM,MAINTENANCE/ CONSTRUCTION SER,"118,008.00"
YEM01,15/02/2015,0000002680,Olive Green Human Resources & Recruiting,YEM,WRITING/TRANSLATION/ INTERPRET,"254,342.52"
KEN01,13/02/2015,0000007500,G4S SECURITY SERVICES (K) LTD,KEN,SECURITY/ SAFETY SERVICES,"1,798,890.05"
KEN01,13/02/2015,0000007501,G4S SECURITY SERVICES (K) LTD,KEN,SECURITY/ SAFETY SERVICES,"218,142.67"
KEN01,13/02/2015,0000007503,WFP SOMALIA,KEN,MEETING/TRAVEL/ FOOD SER,"236,400.00"
SSD01,13/02/2015,0000001997,GAR-GAR TRANSPORTERS LTD,SSD,TRANSPORT SUPPORT,"273,000.00"
HQSMS,12/02/2015,0000029949,TOYOTA MOTOR CORPORATION,JPN,4x4 SC PICP-UP,"474,499.49"
HQSMS,12/02/2015,0000029956,PLANSON INTERNATIONAL CORPORATION,USA,COMPUTERS,"193,295.00"
KEN01,12/02/2015,0000007494,G4S SECURITY SERVICES (K) LTD,KEN,SECURITY/ SAFETY SERVICES,"123,811.47"
PHL01,12/02/2015,0000000741,APPCO DIRECT INTL INC.,PHL,ADVERTISING/ INFORMATION SER,"557,891.00"
SSD01,12/02/2015,0000001994,TAAM PETROLEUM LTD.,SSD,DIESEL,"1,219,075.00"
YEM01,12/02/2015,0000002674,Mohammed Al-Hadi office,YEM,TRANSPORT SUPPORT,"103,000.00"
ZMB01,12/02/2015,0000001555,TEDWORTH PROPERTIES,ZMB,BUSINESS/ ADMINISTRATIVE SER,"111,556.52"
CHN01,11/02/2015,0000001575,HONG KONG FUNDRAISING CONSULTANCY LTD,HKG,ADVERTISING/ INFORMATION SER,"451,438.15"
UKR01,10/02/2015,0000001288,KYIVSKIY PATRIARHAT,UKR,BUSINESS/ ADMINISTRATIVE SER,"238,693.47"
KEN01,09/02/2015,0000007477,KNIGHT FRANK KENYA LTD,KEN,BUSINESS/ ADMINISTRATIVE SER,"483,769.44"
TCD01,09/02/2015,0000004930,SNASE SARL,TCD,SECURITY/ SAFETY SERVICES,"121,381.92"
TUR01,09/02/2015,0000001937,YANKI SEYAHAT TURIZM,TUR,MEETING/TRAVEL/ FOOD SER,"124,688.28"
IRN01,08/02/2015,0000005988,Ms. Mahin Assadi,ARE,BUSINESS/ ADMINISTRATIVE SER,"112,000.00"
CHN01,06/02/2015,0000001566,MVP CONSULTANTS & DEVELOPMENT LIMITED,HKG,ADVERTISING/ INFORMATION SER,"206,371.73"
HQSMS,06/02/2015,0000029927,DHL GLOBAL FORWARDING (DENMARK) A/S,DNK,TRANSPORT SUPPORT,"190,710.00"
HQSMS,06/02/2015,0000029928,DHL GLOBAL FORWARDING (DENMARK) A/S,DNK,TRANSPORT SUPPORT,"199,215.00"
HQSMS,06/02/2015,0000029929,DHL GLOBAL FORWARDING (DENMARK) A/S,DNK,TRANSPORT SUPPORT,"614,125.00"
NGA01,06/02/2015,0000000934,LIZON VENTURES,NGA,BLANKETS,"144,482.67"
NGA01,06/02/2015,0000000935,ANSESON WORLDWIDE NIG LTD,NGA,COOKING POTS/PANS/KETTLES,"109,658.64"
NGA01,06/02/2015,0000000936,RIANA VENTURES LTD,NGA,MOSQUITO NET,"120,402.22"
NGA01,06/02/2015,0000000937,LEGROSLOTEDU-CONSULT LTD,NGA,SOAP/CLEANING /HYGIENE SUPPLIE,"116,962.16"
HQSMS,05/02/2015,0000029915,DGM VERON GRAUER S.A.,CHE,BUSINESS/ ADMINISTRATIVE SER,"195,652.17"
HQSMS,05/02/2015,0000029917,DHL GLOBAL FORWARDING (DENMARK) A/S,DNK,TRANSPORT SUPPORT,"215,400.00"
HQSMS,05/02/2015,0000029920,DHL GLOBAL FORWARDING (DENMARK) A/S,DNK,TRANSPORT SUPPORT,"107,700.00"
HQSMS,05/02/2015,0000029923,DHL GLOBAL FORWARDING (DENMARK) A/S,DNK,TRANSPORT SUPPORT,"354,025.00"
LBN01,05/02/2015,0000001736,CARMAX,LBN,TRANSPORT SUPPORT,"318,749.07"
TUR01,05/02/2015,0000001927,FAKIR ELEKTRIKLI EV ALETLERI AS,TUR,HOUSEHOLD FURNITURE/EQUIPMENT,"197,456.33"
LBN01,04/02/2015,0000001734,FASTLINK S.A.L,LBN,BUSINESS/ ADMINISTRATIVE SER,"600,000.00"
LBN01,04/02/2015,0000001735,YOUSSEF GHAITH,LBN,BUSINESS/ ADMINISTRATIVE SER,"550,000.00"
MMR01,04/02/2015,0000001738,Daw KHIN AYE,MMR,BUSINESS/ ADMINISTRATIVE SER,"276,000.00"
CMR01,03/02/2015,0000002262,DANISH REFUGEE COUNCIL,DNK,FINANCIAL SERVICES,"173,256.29"
KOR01,03/02/2015,0000000642,"POSTMATE CO., LTD.",KOR,UTILITIES,"100,548.44"
RWA01,03/02/2015,0000001100,AGESPRO SECURITY,RWA,SECURITY/ SAFETY SERVICES,"109,684.03"
HQSMS,02/02/2015,0000029885,REGIE DU RHONE SA,CHE,BUSINESS/ ADMINISTRATIVE SER,"157,172.83"
HQSMS,02/02/2015,0000029886,Chime Communications Plc,GBR,BUSINESS/ ADMINISTRATIVE SER,"180,000.00"
HQSMS,02/02/2015,0000029889,BLUEFROG LIMITED,GBR,COMPUTER SERVICES,"200,000.00"
HQSMS,02/02/2015,0000029893,DGM VERON GRAUER S.A.,CHE,BUSINESS/ ADMINISTRATIVE SER,"180,000.00"
HQSMS,02/02/2015,0000029896,M.K. EXIM (INDIA) LIMITED,IND,BEDCLOTHES/ MATRESSES/ TOWELS,"585,225.00"
HQSMS,02/02/2015,0000029898,VANDANA LOGISTICS,IND,BEDCLOTHES/ MATRESSES/ TOWELS,"283,500.00"
KEN01,02/02/2015,0000007460,FIRST CLASS FACILITY CLEANERS LTD,KEN,MAINTENANCE/ CONSTRUCTION SER,"200,820.33"
MYS01,02/02/2015,0000001276,SECURE GUARDS SDN.BHD.,MYS,SECURITY/ SAFETY SERVICES,"179,431.25"
MYS01,02/02/2015,0000001277,TENAGA NASIONAL BERHAD,MYS,UTILITIES,"105,814.27"
RSHNA,02/02/2015,0000001110,AFRICAN POPULATION HEALTH RESEARCH CENTR,KEN,BUSINESS/ ADMINISTRATIVE SER,"447,878.85"
USA01,02/02/2015,0000000638,UNITED NATIONS INFORMATION CENTER,USA,BUSINESS/ ADMINISTRATIVE SER,"227,779.00"
HQSMS,01/02/2015,0000029872,TECHNO TARP & POLIMERS PVT LTD,IND,PLASTIC PRODUCTS (SHEETS & ROL,"574,255.00"
HQSMS,01/02/2015,0000029874,ALPINTER,BEL,PLASTIC PRODUCTS (SHEETS & ROL,"468,900.00"
HQSMS,01/02/2015,0000029875,ALPINTER,BEL,KITCHENWARE,"2,244,944.00"
HQSMS,01/02/2015,0000029877,WORLDFA EXPORTS PVT. LTD.,IND,KITCHENWARE,"2,071,680.00"
JOR01,01/02/2015,0000003521,IMAD OMAR HAFEZ AL NESNAS,BHR,BUSINESS/ ADMINISTRATIVE SER,"710,000.00"
EGY01,31/01/2015,0000001683,Diocese of Egypt,EGY,BUSINESS/ ADMINISTRATIVE SER,"160,104.16"
EGY01,31/01/2015,0000001685,Top Quality for Management & Services,EGY,BUSINESS/ ADMINISTRATIVE SER,"104,306.60"
HQSMS,30/01/2015,0000029859,PLANSON INTERNATIONAL CORPORATION,USA,COMPUTERS,"221,460.00"
HQSMS,30/01/2015,0000029861,HEWLETT-PACKARD,CHE,COMPUTER SERVICES,"470,127.33"
HQSMS,30/01/2015,0000029865,N-R-S INTERNATIONAL -  FZE,ARE,PLASTIC PRODUCTS (SHEETS & ROL,"620,100.00"
HQSMS,30/01/2015,0000029867,ALPINTER,BEL,PLASTIC PRODUCTS (SHEETS & ROL,"191,340.00"
KOR01,30/01/2015,0000000641,Group M Korea Co. Ltd.,KOR,ADVERTISING/ INFORMATION SER,"569,665.30"
SSD01,30/01/2015,0000001974,INTERACTIVE LTD,KEN,PREFABRICATED House,"125,599.98"
COD01,29/01/2015,0000005721,GUARDING AND SERVICES FOR AFRICA,COD,SECURITY/ SAFETY SERVICES,"100,800.00"
HQSMS,29/01/2015,0000029849,DHL GLOBAL FORWARDING (DENMARK) A/S,DNK,TRANSPORT SUPPORT,"372,331.00"
HQSMS,29/01/2015,0000029851,NATIONAL TENT HOUSE,PAK,BLANKETS,"1,510,425.00"
Unit,PO Date,PO ID,Vendor Name,Vendor Cntry,Item Category Descr,USD Amount
HQSMS,29/01/2015,0000029854,COLT TELECOM AG,CHE,TELECOMS SERVICES,"122,941.23"
USA01,29/01/2015,0000000634,S.L. GREEN,USA,BUSINESS/ ADMINISTRATIVE SER,"185,000.00"
HQSMS,28/01/2015,0000029834,KUEHNE AND NAGEL A/S,DNK,TRANSPORT SUPPORT,"133,575.00"
HQSMS,28/01/2015,0000029837,Top-Net Services SA,CHE,MAINTENANCE/ CONSTRUCTION SER,"515,048.97"
HQSMS,28/01/2015,0000029839,FIPOI,CHE,BUSINESS/ ADMINISTRATIVE SER,"2,460,295.79"
KEN01,28/01/2015,0000007451,GALANA OIL KENYA LIMITED,KEN,DIESEL,"714,048.86"
KAZ01,27/01/2015,0000000597,UNDP,KAZ,BUSINESS/ ADMINISTRATIVE SER,"195,000.00"
KEN01,27/01/2015,0000007447,WFP SOMALIA,KEN,MEETING/TRAVEL/ FOOD SER,"150,491.48"
SSD01,27/01/2015,0000001961,JIMMY GENERAL TRADING,SSD,STRUCTURAL BUILDING PRODUCTS /,"360,000.00"
TZA01,27/01/2015,0000003106,AUDACITY INTERCON TANZANIA LIMITED,TZA,MAINTENANCE/ CONSTRUCTION SER,"122,573.42"
HQSMS,26/01/2015,0000029819,ZORYA SECURITY PRINTING,UKR,REGISTRATION SUPPLIES,"122,937.50"
HQSMS,26/01/2015,0000029821,N-R-S INTERNATIONAL -  FZE,ARE,BLANKETS,"2,613,750.00"
KEN01,26/01/2015,0000007440,KNIGHT FRANK KENYA LTD,KEN,BUSINESS/ ADMINISTRATIVE SER,"165,933.90"
KEN01,26/01/2015,0000007441,WFP SOMALIA,KEN,MEETING/TRAVEL/ FOOD SER,"190,950.00"
KOR01,26/01/2015,0000000635,Appco Korea Ltd.,KOR,ADVERTISING/ INFORMATION SER,"2,120,218.58"
KOR01,26/01/2015,0000000636,"Doum & Nanum Co., Ltd.",KOR,ADVERTISING/ INFORMATION SER,"502,478.70"
KOR01,26/01/2015,0000000637,DTV Asia Ltd.,HKG,ADVERTISING/ INFORMATION SER,"1,150,713.64"
KOR01,26/01/2015,0000000639,SG GLOBAL SUPPORT SERVICES SDN BHD,MYS,ADVERTISING/ INFORMATION SER,"110,153.00"
TZA01,26/01/2015,0000003105,The UN WORLD FOOD PROGRAMME,ITA,CHARTERS,"100,320.00"
NGA01,23/01/2015,0000000922,ITCC TECHNICAL LTD,NGA,BUSINESS/ ADMINISTRATIVE SER,"121,027.50"
RUS01,23/01/2015,0000002812,WORLD HEALTH ORGANISATION,RUS,BUSINESS/ ADMINISTRATIVE SER,"325,000.00"
SSD01,23/01/2015,0000001960,TROJAN ENTREPRISES  (SS)  LTD,SDN,DIESEL,"241,200.00"
GEO01,22/01/2015,0000001600,BUSINESS CENTRE SABURTALO LTD,GEO,BUSINESS/ ADMINISTRATIVE SER,"132,000.00"
HQSMS,21/01/2015,0000029808,DGDA Switzerland SARL,CHE,ENGINEERING SERVICES,"417,707.00"
JOR01,21/01/2015,0000003502,Irbid District Electricity Company LTD,JOR,UTILITIES,"118,644.07"
BRA01,20/01/2015,0000000252,VS INVESTIMENTOS E PARTICIPACOES LTDA,BRA,BUSINESS/ ADMINISTRATIVE SER,"104,438.64"
COL01,20/01/2015,0000002878,CONSTRUCTORA J. ORTIZ G. Y CIA S.C.A,COL,BUSINESS/ ADMINISTRATIVE SER,"130,782.17"
IDN01,20/01/2015,0000000603,PTRavindo Bangun Persada,IDN,BUSINESS/ ADMINISTRATIVE SER,"232,293.94"
LBN01,20/01/2015,0000001723,AGILITY LOGISTICS LEBANON SAL,LBN,STORAGE/PACKING/HANDLING,"486,118.00"
TZA01,20/01/2015,0000003094,ANDREW SHARAU DANIEL MINJA,TZA,BUSINESS/ ADMINISTRATIVE SER,"251,604.00"
HQSMS,19/01/2015,0000029790,ACCENTURE AG,CHE,DATA COLLECTION EQUIPMENT,"143,686.10"
JORMN,19/01/2015,0000000157,Faris Zuhair Hermez Hermez,JOR,BUSINESS/ ADMINISTRATIVE SER,"225,988.70"
SYR01,19/01/2015,0000004071,ALKUSTY FOR TRADING COMPANY S.A.L,LBN,PERSONAL CARE PRODUCTS,"140,000.00"
SYR01,19/01/2015,0000004075,ALKHOULY & QURAIT,SYR,PERSONAL CARE PRODUCTS,"1,190,000.00"
SYR01,19/01/2015,0000004077,ALKHOULY & QURAIT,SYR,SOAP/CLEANING /HYGIENE SUPPLIE,"1,670,000.00"
SYR01,19/01/2015,0000004079,THE INT. FOR FOAM&MATRESSES MANUFACTURIN,JOR,BEDCLOTHES/ MATRESSES/ TOWELS,"2,523,000.00"
SYR01,19/01/2015,0000004081,BAALBAKI GROUP SA (OFF-SHORE) LTD,LBN,BEDCLOTHES/ MATRESSES/ TOWELS,"1,932,352.94"
SYR01,19/01/2015,0000004083,SAYDA FOR CARPET TRADE COMPANY,JOR,HOUSEHOLD FURNITURE/EQUIPMENT,"252,000.00"
TCD01,19/01/2015,0000004912,ALI  ISSA TCHAIMI,TCD,BUSINESS/ ADMINISTRATIVE SER,"215,135.88"
LBR01,16/01/2015,0000001840,ANGELA SAAB,LBR,BUSINESS/ ADMINISTRATIVE SER,"102,000.00"
TUR01,16/01/2015,0000001891,KORU BINA YONETIMI A.S.,TUR,MAINTENANCE/ CONSTRUCTION SER,"232,558.14"
TUR01,16/01/2015,0000001894,SECURITAS GUVENLIK SISTEMLERI A.S.,TUR,SECURITY/ SAFETY SERVICES,"325,736.43"
UKR01,16/01/2015,0000001256,KYIVSKIY PATRIARHAT,UKR,BUSINESS/ ADMINISTRATIVE SER,"189,633.38"
HQSMS,15/01/2015,0000029779,OPEN TEXT AG - SUISSE,CHE,COMPUTER SERVICES,"219,911.00"
HQSMS,15/01/2015,0000029780,TOYOTA MOTOR CORPORATION,JPN,4x4 STATION WAGON,"3,477,665.26"
HQSMS,15/01/2015,0000029781,SPIGIT INC,USA,COMPUTER SERVICES,"118,800.00"
HQSMS,14/01/2015,0000029775,FONDATION DES PARKINGS,CHE,BUSINESS/ ADMINISTRATIVE SER,"252,887.54"
HQSMS,14/01/2015,0000029776,LANDesk International Ltd,IRL,COMPUTER SERVICES,"202,515.24"
HQSMS,14/01/2015,0000029777,ENCOMPASS LLC,USA,EDUCATION/ TRAINING SERVICES,"405,237.50"
LBN01,14/01/2015,0000001721,Michel  Stephan,LBN,BUSINESS/ ADMINISTRATIVE SER,"200,000.04"
SEN01,14/01/2015,0000002056,SOCIETE CIVILE IMMO FAALO,SEN,BUSINESS/ ADMINISTRATIVE SER,"356,745.37"
HQSMS,13/01/2015,0000029771,"GEORG FIEBIG CONSULTANTS, PTY LTD",AUS,BUSINESS/ ADMINISTRATIVE SER,"129,268.29"
PAK01,13/01/2015,0000004843,BIO-ID TECHNOLOGIES SA,CHE,COMPUTER SERVICES,"319,400.00"
HQSMS,12/01/2015,0000029767,ORACLE SOFTWARE GMBH,CHE,COMPUTER SERVICES,"289,856.18"
NPL01,12/01/2015,0000000927,REFUGEE/IDP Direct Payment,NPL,CIVIL AFFAIRS SERVICES,"132,936.51"
DONIK,09/01/2015,0000000214,NORWEGIAN CHURCH AID,NOR,WATER TREATMENT EQUIP/ SUPPL,"147,635.00"
HQSMS,07/01/2015,0000029764,NOVACOM SERVICES,FRA,SATELLITE EQUIP/ ACCESSORIES,"279,120.00"
CONS,06/01/2015,0000005960,Mark Alistair Turner,GBR,FINANCIAL SERVICES,"102,484.47"
SWE01,05/01/2015,0000000239,FASTIGHETS AB GETINGSVARMEN 15,SWE,BUSINESS/ ADMINISTRATIVE SER,"126,264.90"
JORMN,01/01/2015,0000000159,G4S Secure Solutions Int'l Inc. Jordan,JOR,SECURITY/ SAFETY SERVICES,"112,542.37"
